file,location,reference
PROGRESS.md,21,| M09 | 结构重参数化验证 | done | 09-13 14:20 | 09-13 14:45 | outputs/reparam/ | PASS |
PROGRESS.md,23,| M11 | 进阶任务 | done | 09-13 16:45 | 09-13 17:05 | outputs/advanced/（家族/消融/深度重参数化/鲁棒性/可解释性） | PASS |
PROGRESS.md,49,| reparam_max_abs_err_pet37 | 7.093e-06 | 融合前后 logits 最大绝对误差 | outputs/reparam/repvit_m0_9_pet37_reparam_report.json | `python tools/reparam_verify.py --model repvit_m0_9_pet37 --weights checkpoints/baseline_best.pt --out-dir outputs/reparam` |
PROGRESS.md,58,"| consistency_pet37 | n=12; max|Δ|=6.198883e-06（展示 6.199e-06）, mean|Δ|=1.500690e-06, Top-1 一致率=1.000 | PyTorch vs ONNX，固定划分列表 | outputs/metrics/consistency_repvit_m0_9_pet37.json | `python deploy/compare_torch_onnx.py --model repvit_m0_9_pet37 --limit 12 --out ...` |"
PROGRESS.md,110,- **09-13【批次一致性】M07 必须串行执行**。本机 15.8 GB 内存，
PROGRESS.md,171,"| ③ 深入结构重参数化 | ✅ 完成 | outputs/advanced/repvit_m0_9_pet37_{structure_before,structure_after}.txt、_onnx_nodes.json、block_22_fusion_report.txt |"
PROVENANCE.md,63,| `tools/reparam_verify.py` | 结构重参数化数值/结构验证 |
README.md,12,> test Top-1 = **92.34%**、Macro-F1 = **92.22%**；结构重参数化前后 logits
README.md,13,> `max|Δ| = 7.09e-06`；六个 ONNX 模型在 ONNX Runtime CPU 上批量 1 / FP32 /
README.md,14,> 224×224 的推理延迟为 **7.1 ~ 32.7 ms**，PyTorch↔ONNX Top-1 一致率 **100%**。
README.md,28,9. [如何执行结构重参数化](#9-如何执行结构重参数化)
README.md,277,## 9. 如何执行结构重参数化
README.md,293,| `max_abs_err` | **7.092953e-06**（展示为 7.093e-06） |
README.md,294,| `mean_abs_err` | **2.030727e-06**（展示为 2.031e-06） |
README.md,333,# PyTorch vs ONNX 一致性（5 项指标 + 判定）
README.md,339,resize+crop，不 import torchvision），与训练侧共用同一份 transform 会让一致性
README.md,342,**实测一致性（同一落盘实验，n=12）**：`max|Δlogits| = 6.198883e-06`（展示为 **6.199e-06**）、`mean|Δlogits| = 1.500690e-06`，
README.md,343,**Top-1 一致率 100.00%**、Top-5 集合一致率 100.00%。结果来自 `outputs/metrics/consistency_repvit_m0_9_pet37.json`；早期 README 的 5.25e-06 没有找到配套完整产物，保留为旧引用，不能与本结果混写。
README.md,347,- **重参数化 logits 误差**：训练态与融合态 PyTorch 模型在同一批 32 张输入上的差异，落盘于 `outputs/reparam/repvit_m0_9_pet37_reparam_report.json`，属于 BN/卷积分支融合验证。
README.md,348,- **PyTorch↔ONNX logits 误差**：融合后的 PyTorch 与独立预处理的 ONNX Runtime 输出比较，落盘于 `outputs/metrics/consistency_repvit_m0_9_pet37.json`，本次固定 `n=12`。
README.md,349,- 两者实验对象、输入批次和代码路径不同；答辩中分别报告，避免把 5.25e-06（旧引用，样本数未核实）与 6.199e-06（当前 n=12）当成同一结果。
README.md,356,python tools/audit_logits_references.py  # 扫描 README/报告/PPT/PDF/代码中的误差引用
README.md,387,bash tools/run_all.sh          # 全流程：数据 -> 模型 -> 训练 -> 优化 -> 可视化 -> 重参数化 -> ONNX -> 基准
README.md,401,| 重参数化 / ONNX 导出 / 基准 | ~5 min |
configs/baseline.yaml,20,distillation: false               # bool | 必须 false | 关掉 timm 默认的双蒸馏头，否则 eval 会把随机初始化的 head_dist 平均进 logits
configs/pretrained_eval.yaml,34,fuse: true                        # bool | true/false | 推理前是否做结构重参数化。报告里必须同时给出 fused/unfused 两组延迟
datasets/build.py,414,``batch_size`` 可覆盖，用于显存不够时降批，或与部署侧 batch 对齐做一致性对比。
datasets/pet_dataset.py,319,pairs = read_pet_list(ids)              # 传了 list 文件路径：顺带拿到标签做一致性校验
deploy/__init__.py,17,"""export_onnx"",         # PyTorch -> ONNX（onnx/<registry_key>.onnx）"
deploy/__init__.py,20,"""compare_torch_onnx"",  # PyTorch 与 ONNX 逐样本一致率比对"
deploy/compare_torch_onnx.py,2,"""""""deploy/compare_torch_onnx.py —— 固定图片列表上比较 PyTorch 与 ONNX 的 5 项指标。"""""""
deploy/compare_torch_onnx.py,98,"max_abs_logits=dmax, mean_abs_logits=dsum / max(len(paths), 1),"
deploy/compare_torch_onnx.py,102,"threshold=dict(top1_agree_rate=0.99, max_abs_logits=1e-3))"
deploy/compare_torch_onnx.py,109,"print(f""max|Δlogits|={dmax:.3e}  mean|Δlogits|={rep['mean_abs_logits']:.3e}  """
deploy/demo_camera.py,56,"logits = sess.run(None, {iname: preprocess(frame)})[0][0]"
deploy/demo_camera.py,57,p = np.exp(logits - logits.max()); p /= p.sum()
deploy/export_onnx.py,15,"print(""[fuse] 跳过重参数化，导出训练态（多分支）结构（非交付物）"")"
deploy/export_onnx.py,87,"dyn = {""input"": {0: ""batch""}, ""logits"": {0: ""batch""}} if a.dynamic_batch else None"
deploy/export_onnx.py,90,"model, (x,), str(tmp), input_names=[""input""], output_names=[""logits""],"
deploy/export_onnx.py,102,"f""|Δlogits|={rep['torch_vs_onnx_max_abs']:.3e}  -> {dst}"")"
deploy/run_all.sh,2,# deploy/run_all.sh —— 导出 -> 推理 -> 基准 -> 一致性，一键跑完
deploy/run_all.sh,43,"echo ""== [4/4] PyTorch vs ONNX 一致性 =="""
models/build_model.py,8,3. **重参数化**：timm 走 ``model.fuse()``，官方走 ``replace_batchnorm``。
models/build_model.py,409,# 冻结 / 描述 / 重参数化
models/build_model.py,450,"""""""结构重参数化（就地）+ ``eval()``。"
models/build_model.py,453,注意 ``eval()`` 本身**不会**重参数化：eval 只让 BN 用 running stats，三分支结构依旧存在。
models/repvit_official.py,529,# 这是官方导出推理态模型的唯一入口，也是规格书 §9 重参数化验证的对照面。
models/repvit_timm.py,4,职责：把「建网 / 换分类头 / 加载权重 / 融合重参数化 / 数参数 / 分组 lr」收敛到一处，
models/repvit_timm.py,195,# 4. 结构重参数化（融合）
models/repvit_timm.py,200,注意：``model.eval()`` 只切换 BN 用 running stats，**不会**自动重参数化；
outputs/PPT_OUTLINE.md,65,## 第 11 页 · 结构重参数化
outputs/REPORT.md,107,## 12. 结构重参数化
outputs/REPORT.md,109,<!-- HUMAN: 结构重参数化正文，6字以上 -->
outputs/advanced/ablation_summary.json,21,"""delta_A"": -3.799999999998249e-05,"
outputs/advanced/repvit_m0_9_pet37_reparam_report.json,52,"""max_abs_err"": 2.9802322387695312e-06,"
outputs/advanced/repvit_m0_9_pet37_reparam_report.json,53,"""mean_abs_err"": 1.1162530881847488e-06,"
outputs/benchmarks/export_repvit_m0_9_in1k.json,47,"""output_name"": ""logits"","
outputs/benchmarks/export_repvit_m0_9_in1k.json,55,"""torch_vs_onnx_max_abs"": 1.1801719665527344e-05,"
outputs/benchmarks/export_repvit_m0_9_pet37.json,45,"""output_name"": ""logits"","
outputs/benchmarks/export_repvit_m0_9_pet37.json,53,"""torch_vs_onnx_max_abs"": 3.814697265625e-06,"
outputs/benchmarks/export_repvit_m1_0_in1k.json,47,"""output_name"": ""logits"","
outputs/benchmarks/export_repvit_m1_0_in1k.json,55,"""torch_vs_onnx_max_abs"": 1.0013580322265625e-05,"
outputs/benchmarks/export_repvit_m1_1_in1k.json,47,"""output_name"": ""logits"","
outputs/benchmarks/export_repvit_m1_1_in1k.json,55,"""torch_vs_onnx_max_abs"": 9.298324584960938e-06,"
outputs/benchmarks/export_repvit_m1_5_in1k.json,47,"""output_name"": ""logits"","
outputs/benchmarks/export_repvit_m1_5_in1k.json,55,"""torch_vs_onnx_max_abs"": 9.5367431640625e-06,"
outputs/benchmarks/export_repvit_m2_3_in1k.json,47,"""output_name"": ""logits"","
outputs/benchmarks/export_repvit_m2_3_in1k.json,55,"""torch_vs_onnx_max_abs"": 7.927417755126953e-06,"
outputs/logs/baseline_config_effective.yaml,72,eps: 1.0e-08
outputs/logs/baseline_config_effective.yaml,78,min_lr: 1.0e-05
outputs/logs/baseline_metrics.csv,34,"32,0.733911,0.994792,0.346061,0.939189,1.0,0.939371,9.488772362429817e-05,6.1"
outputs/logs/baseline_metrics.csv,35,"33,0.739235,0.991319,0.339792,0.944595,0.998649,0.944648,7.285801398521197e-05,5.9"
outputs/logs/baseline_metrics.csv,36,"34,0.739688,0.992708,0.346665,0.945946,0.998649,0.946166,5.394189725787288e-05,6.0"
outputs/logs/baseline_metrics.csv,37,"35,0.733909,0.994792,0.343303,0.941892,0.997297,0.942163,3.8275664496763314e-05,6.0"
outputs/logs/baseline_metrics.csv,38,"36,0.733532,0.994792,0.352725,0.936486,0.998649,0.936673,2.5972191267918057e-05,6.0"
outputs/logs/baseline_metrics.csv,39,"37,0.729967,0.993403,0.351029,0.941892,0.995946,0.942079,1.7120124377884313e-05,6.0"
outputs/logs/baseline_metrics.csv,40,"38,0.731419,0.99375,0.347959,0.940541,0.997297,0.940643,1.1783243171449372e-05,6.0"
outputs/logs/eval_family_5models.log,12,"[fuse]  replace_batchnorm -> params=5,067,056（未融合 5,489,328，净减 422,272 = 蒸馏头 385,768 + BN 折进卷积 36,504）, max|logits diff| = 3.07e-05"
outputs/logs/eval_family_5models.log,34,"[fuse]  replace_batchnorm -> params=6,810,312（未融合 7,302,796，净减 492,484 = 蒸馏头 385,768 + BN 折进卷积 36,504）, max|logits diff| = 3.29e-05"
outputs/logs/eval_family_5models.log,56,"[fuse]  replace_batchnorm -> params=8,244,312（未融合 8,802,912，净减 558,600 = 蒸馏头 385,768 + BN 折进卷积 36,504）, max|logits diff| = 2.22e-05"
outputs/logs/eval_family_5models.log,78,"[fuse]  replace_batchnorm -> params=14,049,992（未融合 14,644,432，净减 594,440 = 蒸馏头 385,768 + BN 折进卷积 36,504）, max|logits diff| = 2.59e-05"
outputs/logs/eval_family_5models.log,100,"[fuse]  replace_batchnorm -> params=22,926,792（未融合 23,688,792，净减 762,000 = 蒸馏头 385,768 + BN 折进卷积 36,504）, max|logits diff| = 5.92e-05"
outputs/logs/opt_abl_a_config_effective.yaml,75,eps: 1.0e-08
outputs/logs/opt_abl_a_config_effective.yaml,81,min_lr: 1.0e-05
outputs/logs/opt_abl_a_metrics.csv,34,"32,0.785997,0.981944,0.322099,0.948649,0.998649,0.948927,9.488772362429817e-05,7.9"
outputs/logs/opt_abl_a_metrics.csv,35,"33,0.786024,0.98125,0.323687,0.944595,0.998649,0.944638,7.285801398521197e-05,8.0"
outputs/logs/opt_abl_a_metrics.csv,36,"34,0.791333,0.978472,0.320305,0.945946,0.998649,0.946106,5.394189725787288e-05,8.1"
outputs/logs/opt_abl_a_metrics.csv,37,"35,0.786143,0.981597,0.326069,0.947297,0.998649,0.947534,3.8275664496763314e-05,8.1"
outputs/logs/opt_abl_a_metrics.csv,38,"36,0.78798,0.982639,0.328205,0.945946,0.998649,0.946111,2.5972191267918057e-05,8.1"
outputs/logs/opt_abl_a_metrics.csv,39,"37,0.782136,0.98125,0.325711,0.947297,0.998649,0.947404,1.7120124377884313e-05,8.0"
outputs/logs/opt_abl_a_metrics.csv,40,"38,0.784778,0.982292,0.323456,0.947297,1.0,0.947284,1.1783243171449372e-05,8.1"
outputs/logs/opt_abl_ab_config_effective.yaml,75,eps: 1.0e-08
outputs/logs/opt_abl_ab_config_effective.yaml,81,min_lr: 1.0e-05
outputs/logs/opt_abl_ab_metrics.csv,34,"32,0.825965,0.970139,0.319464,0.943243,0.998649,0.943445,9.488772362429817e-05,7.9"
outputs/logs/opt_abl_ab_metrics.csv,35,"33,0.825068,0.975,0.321026,0.943243,0.997297,0.943445,7.285801398521197e-05,7.9"
outputs/logs/opt_abl_ab_metrics.csv,36,"34,0.827954,0.972917,0.323473,0.943243,0.998649,0.943455,5.394189725787288e-05,7.9"
outputs/logs/opt_abl_ab_metrics.csv,37,"35,0.825424,0.971181,0.327528,0.943243,0.998649,0.94353,3.8275664496763314e-05,8.0"
outputs/logs/opt_abl_ab_metrics.csv,38,"36,0.827701,0.971875,0.328484,0.944595,0.998649,0.944744,2.5972191267918057e-05,8.0"
outputs/logs/opt_abl_ab_metrics.csv,39,"37,0.817459,0.976736,0.323118,0.947297,0.998649,0.947453,1.7120124377884313e-05,8.0"
outputs/logs/opt_abl_ab_metrics.csv,40,"38,0.824029,0.976736,0.320363,0.943243,0.998649,0.943211,1.1783243171449372e-05,8.0"
outputs/logs/opt_abl_b_config_effective.yaml,72,eps: 1.0e-08
outputs/logs/opt_abl_b_config_effective.yaml,78,min_lr: 1.0e-05
outputs/logs/opt_abl_b_metrics.csv,34,"32,0.7609,0.991319,0.33851,0.943243,0.994595,0.943284,9.488772362429817e-05,6.1"
outputs/logs/opt_abl_b_metrics.csv,35,"33,0.764917,0.989236,0.335733,0.937838,0.994595,0.937915,7.285801398521197e-05,6.1"
outputs/logs/opt_abl_b_metrics.csv,36,"34,0.765276,0.991319,0.341806,0.939189,0.995946,0.939321,5.394189725787288e-05,5.9"
outputs/logs/opt_abl_b_metrics.csv,37,"35,0.760042,0.992014,0.341209,0.936486,0.994595,0.936659,3.8275664496763314e-05,5.9"
outputs/logs/opt_abl_b_metrics.csv,38,"36,0.759628,0.991319,0.347299,0.939189,0.994595,0.939271,2.5972191267918057e-05,6.0"
outputs/logs/opt_abl_b_metrics.csv,39,"37,0.755602,0.992708,0.34204,0.936486,0.995946,0.936579,1.7120124377884313e-05,6.0"
outputs/logs/opt_abl_b_metrics.csv,40,"38,0.757445,0.990278,0.340827,0.937838,0.995946,0.937844,1.1783243171449372e-05,6.1"
outputs/logs/opt_combo_config_effective.yaml,75,eps: 1.0e-08
outputs/logs/opt_combo_config_effective.yaml,81,min_lr: 1.0e-05
outputs/logs/opt_combo_metrics.csv,34,"32,1.442644,0.577083,0.413063,0.945946,0.998649,0.946222,9.488772362429817e-05,8.0"
outputs/logs/opt_combo_metrics.csv,35,"33,1.420347,0.563889,0.402067,0.941892,0.997297,0.941834,7.285801398521197e-05,7.9"
outputs/logs/opt_combo_metrics.csv,36,"34,1.553397,0.600694,0.414865,0.940541,0.997297,0.940651,5.394189725787288e-05,7.8"
outputs/logs/opt_combo_metrics.csv,37,"35,1.413508,0.644097,0.417458,0.945946,0.998649,0.945932,3.8275664496763314e-05,8.0"
outputs/logs/opt_combo_metrics.csv,38,"36,1.483258,0.617014,0.453964,0.945946,0.998649,0.94595,2.5972191267918057e-05,8.0"
outputs/logs/opt_combo_metrics.csv,39,"37,1.38146,0.500347,0.405091,0.943243,0.997297,0.943235,1.7120124377884313e-05,8.0"
outputs/logs/opt_combo_metrics.csv,40,"38,1.490589,0.544097,0.420371,0.947297,0.998649,0.947365,1.1783243171449372e-05,8.0"
outputs/logs/opt_disc_config_effective.yaml,72,eps: 1.0e-08
outputs/logs/opt_disc_config_effective.yaml,78,min_lr: 1.0e-05
outputs/logs/opt_disc_metrics.csv,34,"32,0.761541,0.990972,0.336153,0.941892,0.994595,0.941988,9.488772362429817e-05,8.2"
outputs/logs/opt_disc_metrics.csv,35,"33,0.765116,0.988542,0.334701,0.939189,0.994595,0.939245,7.285801398521197e-05,10.9"
outputs/logs/opt_disc_metrics.csv,36,"34,0.76603,0.990972,0.34038,0.941892,0.995946,0.941901,5.394189725787288e-05,11.9"
outputs/logs/opt_disc_metrics.csv,37,"35,0.760314,0.992014,0.340827,0.941892,0.994595,0.941953,3.8275664496763314e-05,8.8"
outputs/logs/opt_disc_metrics.csv,38,"36,0.759968,0.991319,0.348677,0.941892,0.994595,0.941953,2.5972191267918057e-05,8.3"
outputs/logs/opt_disc_metrics.csv,39,"37,0.756271,0.992708,0.343971,0.936486,0.995946,0.936431,1.7120124377884313e-05,8.5"
outputs/logs/opt_disc_metrics.csv,40,"38,0.758177,0.989236,0.341655,0.937838,0.995946,0.937844,1.1783243171449372e-05,8.3"
outputs/logs/opt_mix_config_effective.yaml,72,eps: 1.0e-08
outputs/logs/opt_mix_config_effective.yaml,78,min_lr: 1.0e-05
outputs/logs/opt_mix_metrics.csv,34,"32,1.308018,0.593403,0.421543,0.944595,0.998649,0.944903,9.488772362429817e-05,7.4"
outputs/logs/opt_mix_metrics.csv,35,"33,1.290227,0.590278,0.402346,0.947297,0.998649,0.947603,7.285801398521197e-05,7.5"
outputs/logs/opt_mix_metrics.csv,36,"34,1.422595,0.637153,0.421266,0.945946,0.998649,0.946217,5.394189725787288e-05,7.4"
outputs/logs/opt_mix_metrics.csv,37,"35,1.275755,0.670833,0.419863,0.947297,0.998649,0.947603,3.8275664496763314e-05,7.4"
outputs/logs/opt_mix_metrics.csv,38,"36,1.347871,0.638889,0.455916,0.948649,0.998649,0.948918,2.5972191267918057e-05,7.4"
outputs/logs/opt_mix_metrics.csv,39,"37,1.251012,0.521528,0.415729,0.945946,0.998649,0.946399,1.7120124377884313e-05,7.4"
outputs/logs/opt_mix_metrics.csv,40,"38,1.359071,0.578125,0.424967,0.943243,0.998649,0.943517,1.1783243171449372e-05,7.4"
outputs/logs/opt_randaug_config_effective.yaml,75,eps: 1.0e-08
outputs/logs/opt_randaug_config_effective.yaml,81,min_lr: 1.0e-05
outputs/logs/opt_randaug_metrics.csv,34,"32,0.785182,0.981597,0.333079,0.945946,0.998649,0.946145,9.488772362429817e-05,11.0"
outputs/logs/opt_randaug_metrics.csv,35,"33,0.785844,0.981597,0.334243,0.941892,0.998649,0.941953,7.285801398521197e-05,11.9"
outputs/logs/opt_randaug_metrics.csv,36,"34,0.791008,0.979514,0.331681,0.944595,0.998649,0.94479,5.394189725787288e-05,11.8"
outputs/logs/opt_randaug_metrics.csv,37,"35,0.786182,0.98125,0.337736,0.944595,0.998649,0.94479,3.8275664496763314e-05,12.0"
outputs/logs/opt_randaug_metrics.csv,38,"36,0.788528,0.982639,0.336213,0.941892,0.998649,0.941993,2.5972191267918057e-05,11.2"
outputs/logs/opt_randaug_metrics.csv,39,"37,0.781425,0.98125,0.333642,0.945946,1.0,0.946018,1.7120124377884313e-05,11.3"
outputs/logs/opt_randaug_metrics.csv,40,"38,0.784506,0.982986,0.330868,0.945946,1.0,0.946038,1.1783243171449372e-05,11.5"
outputs/logs/train_baseline_20260913_141931.log,9,[optim] group=backbone_decay     n_params=126  lr=1.000e-04 wd=0.05
outputs/logs/train_baseline_20260913_141931.log,10,[optim] group=backbone_no_decay  n_params=255  lr=1.000e-04 wd=0.0
outputs/logs/train_baseline_20260913_141931.log,14,[Epoch 000/039] train_loss=3.6498 train_acc1=1.84% | val_loss=3.6469 val_top1=1.62% val_top5=11.62% macroF1=0.0164 | lr_bb=3.40e-05 lr_head=3.40e-04 | gnorm=2.02 | 62.3s | best=0.0164(ep0) | no_improve=0
outputs/logs/train_baseline_20260913_141931.log,16,[Epoch 001/039] train_loss=3.3396 train_acc1=29.76% | val_loss=2.8730 val_top1=66.22% val_top5=91.76% macroF1=0.6482 | lr_bb=6.70e-05 lr_head=6.70e-04 | gnorm=2.00 | 9.2s | best=0.6482(ep1) | no_improve=0
outputs/logs/train_baseline_20260913_141931.log,18,[Epoch 002/039] train_loss=2.4192 train_acc1=73.75% | val_loss=1.3499 val_top1=84.32% val_top5=99.59% macroF1=0.8365 | lr_bb=1.00e-04 lr_head=1.00e-03 | gnorm=2.32 | 7.1s | best=0.8365(ep2) | no_improve=0
outputs/logs/train_baseline_20260913_141931.log,20,[Epoch 003/039] train_loss=1.4161 train_acc1=85.52% | val_loss=0.5242 val_top1=89.59% val_top5=99.86% macroF1=0.8951 | lr_bb=9.98e-05 lr_head=9.98e-04 | gnorm=2.17 | 7.0s | best=0.8951(ep3) | no_improve=0
outputs/logs/train_baseline_20260913_141931.log,22,[Epoch 004/039] train_loss=1.0709 train_acc1=89.62% | val_loss=0.4053 val_top1=91.49% val_top5=99.73% macroF1=0.9144 | lr_bb=9.94e-05 lr_head=9.93e-04 | gnorm=2.26 | 7.0s | best=0.9144(ep4) | no_improve=0
outputs/logs/train_baseline_20260913_141931.log,24,[Epoch 005/039] train_loss=0.9602 train_acc1=93.16% | val_loss=0.3616 val_top1=92.43% val_top5=100.00% macroF1=0.9238 | lr_bb=9.85e-05 lr_head=9.84e-04 | gnorm=2.12 | 7.0s | best=0.9238(ep5) | no_improve=0
outputs/logs/train_baseline_20260913_141931.log,26,[Epoch 006/039] train_loss=0.9139 train_acc1=94.62% | val_loss=0.3405 val_top1=92.84% val_top5=99.86% macroF1=0.9283 | lr_bb=9.74e-05 lr_head=9.72e-04 | gnorm=2.21 | 7.1s | best=0.9283(ep6) | no_improve=0
outputs/logs/train_baseline_20260913_141931.log,28,[Epoch 007/039] train_loss=0.8841 train_acc1=95.42% | val_loss=0.3420 val_top1=92.97% val_top5=99.59% macroF1=0.9297 | lr_bb=9.60e-05 lr_head=9.56e-04 | gnorm=2.09 | 15.7s | best=0.9297(ep7) | no_improve=0
outputs/logs/train_baseline_20260913_141931.log,30,[Epoch 008/039] train_loss=0.8506 train_acc1=96.67% | val_loss=0.3342 val_top1=92.70% val_top5=99.86% macroF1=0.9268 | lr_bb=9.43e-05 lr_head=9.37e-04 | gnorm=1.83 | 7.1s | best=0.9297(ep7) | no_improve=1
outputs/logs/train_baseline_20260913_141931.log,32,[Epoch 009/039] train_loss=0.8387 train_acc1=96.88% | val_loss=0.3342 val_top1=92.97% val_top5=99.86% macroF1=0.9297 | lr_bb=9.23e-05 lr_head=9.15e-04 | gnorm=1.86 | 7.0s | best=0.9297(ep7) | no_improve=2
outputs/logs/train_baseline_20260913_141931.log,34,[Epoch 010/039] train_loss=0.8190 train_acc1=97.47% | val_loss=0.3430 val_top1=93.11% val_top5=99.73% macroF1=0.9307 | lr_bb=9.00e-05 lr_head=8.90e-04 | gnorm=1.78 | 7.1s | best=0.9307(ep10) | no_improve=0
outputs/logs/train_baseline_20260913_141931.log,36,[Epoch 011/039] train_loss=0.8031 train_acc1=97.95% | val_loss=0.3438 val_top1=94.19% val_top5=99.86% macroF1=0.9421 | lr_bb=8.75e-05 lr_head=8.62e-04 | gnorm=1.75 | 7.1s | best=0.9421(ep11) | no_improve=0
outputs/logs/train_baseline_20260913_141931.log,38,[Epoch 012/039] train_loss=0.7981 train_acc1=97.99% | val_loss=0.3330 val_top1=93.65% val_top5=100.00% macroF1=0.9368 | lr_bb=8.47e-05 lr_head=8.32e-04 | gnorm=1.78 | 7.1s | best=0.9421(ep11) | no_improve=1
outputs/logs/train_baseline_20260913_141931.log,40,[Epoch 013/039] train_loss=0.7830 train_acc1=98.89% | val_loss=0.3358 val_top1=93.92% val_top5=99.86% macroF1=0.9392 | lr_bb=8.18e-05 lr_head=7.99e-04 | gnorm=1.52 | 7.0s | best=0.9421(ep11) | no_improve=2
outputs/logs/train_baseline_20260913_141931.log,42,[Epoch 014/039] train_loss=0.7867 train_acc1=98.16% | val_loss=0.3230 val_top1=93.65% val_top5=99.86% macroF1=0.9368 | lr_bb=7.86e-05 lr_head=7.65e-04 | gnorm=1.56 | 7.2s | best=0.9421(ep11) | no_improve=3
outputs/logs/train_baseline_20260913_141931.log,44,[Epoch 015/039] train_loss=0.7821 train_acc1=98.30% | val_loss=0.3296 val_top1=94.19% val_top5=99.86% macroF1=0.9419 | lr_bb=7.53e-05 lr_head=7.28e-04 | gnorm=1.53 | 7.2s | best=0.9421(ep11) | no_improve=4
outputs/logs/train_baseline_20260913_141931.log,46,[Epoch 016/039] train_loss=0.7723 train_acc1=98.85% | val_loss=0.3430 val_top1=93.51% val_top5=99.73% macroF1=0.9351 | lr_bb=7.18e-05 lr_head=6.90e-04 | gnorm=1.44 | 7.2s | best=0.9421(ep11) | no_improve=5
outputs/logs/train_baseline_20260913_141931.log,48,[Epoch 017/039] train_loss=0.7701 train_acc1=98.68% | val_loss=0.3334 val_top1=93.38% val_top5=99.86% macroF1=0.9335 | lr_bb=6.82e-05 lr_head=6.50e-04 | gnorm=1.43 | 7.1s | best=0.9421(ep11) | no_improve=6
outputs/logs/train_baseline_20260913_141931.log,50,[Epoch 018/039] train_loss=0.7622 train_acc1=98.99% | val_loss=0.3322 val_top1=93.65% val_top5=99.86% macroF1=0.9367 | lr_bb=6.45e-05 lr_head=6.09e-04 | gnorm=1.38 | 7.2s | best=0.9421(ep11) | no_improve=7
outputs/logs/train_baseline_20260913_141931.log,52,[Epoch 019/039] train_loss=0.7564 train_acc1=99.10% | val_loss=0.3356 val_top1=94.19% val_top5=99.86% macroF1=0.9423 | lr_bb=6.07e-05 lr_head=5.68e-04 | gnorm=1.34 | 7.3s | best=0.9423(ep19) | no_improve=0
outputs/logs/train_baseline_20260913_141931.log,54,[Epoch 020/039] train_loss=0.7600 train_acc1=98.78% | val_loss=0.3467 val_top1=94.32% val_top5=99.86% macroF1=0.9432 | lr_bb=5.69e-05 lr_head=5.26e-04 | gnorm=1.40 | 7.2s | best=0.9432(ep20) | no_improve=0
outputs/logs/train_baseline_20260913_141931.log,56,[Epoch 021/039] train_loss=0.7561 train_acc1=98.82% | val_loss=0.3220 val_top1=94.19% val_top5=99.73% macroF1=0.9423 | lr_bb=5.31e-05 lr_head=4.84e-04 | gnorm=1.41 | 7.2s | best=0.9432(ep20) | no_improve=1
outputs/logs/train_baseline_20260913_141931.log,58,[Epoch 022/039] train_loss=0.7516 train_acc1=99.34% | val_loss=0.3420 val_top1=94.32% val_top5=99.86% macroF1=0.9435 | lr_bb=4.93e-05 lr_head=4.42e-04 | gnorm=1.16 | 7.2s | best=0.9435(ep22) | no_improve=0
outputs/logs/train_baseline_20260913_141931.log,60,[Epoch 023/039] train_loss=0.7525 train_acc1=98.89% | val_loss=0.3428 val_top1=94.19% val_top5=99.86% macroF1=0.9419 | lr_bb=4.55e-05 lr_head=4.01e-04 | gnorm=1.36 | 7.2s | best=0.9435(ep22) | no_improve=1
outputs/logs/train_baseline_20260913_141931.log,62,[Epoch 024/039] train_loss=0.7471 train_acc1=99.10% | val_loss=0.3433 val_top1=93.65% val_top5=99.59% macroF1=0.9362 | lr_bb=4.18e-05 lr_head=3.60e-04 | gnorm=1.25 | 7.2s | best=0.9435(ep22) | no_improve=2
outputs/logs/train_baseline_20260913_141931.log,64,[Epoch 025/039] train_loss=0.7461 train_acc1=99.24% | val_loss=0.3434 val_top1=94.32% val_top5=99.86% macroF1=0.9435 | lr_bb=3.82e-05 lr_head=3.20e-04 | gnorm=1.14 | 7.2s | best=0.9435(ep25) | no_improve=0
outputs/logs/train_baseline_20260913_141931.log,66,[Epoch 026/039] train_loss=0.7415 train_acc1=99.34% | val_loss=0.3359 val_top1=94.46% val_top5=99.86% macroF1=0.9447 | lr_bb=3.47e-05 lr_head=2.82e-04 | gnorm=1.20 | 7.2s | best=0.9447(ep26) | no_improve=0
outputs/logs/train_baseline_20260913_141931.log,68,[Epoch 027/039] train_loss=0.7465 train_acc1=98.75% | val_loss=0.3365 val_top1=93.92% val_top5=100.00% macroF1=0.9394 | lr_bb=3.14e-05 lr_head=2.45e-04 | gnorm=1.25 | 7.2s | best=0.9447(ep26) | no_improve=1
outputs/logs/train_baseline_20260913_141931.log,70,[Epoch 028/039] train_loss=0.7421 train_acc1=99.13% | val_loss=0.3401 val_top1=94.32% val_top5=100.00% macroF1=0.9433 | lr_bb=2.82e-05 lr_head=2.11e-04 | gnorm=1.21 | 7.2s | best=0.9447(ep26) | no_improve=2
outputs/logs/train_baseline_20260913_141931.log,72,[Epoch 029/039] train_loss=0.7394 train_acc1=99.41% | val_loss=0.3349 val_top1=94.19% val_top5=100.00% macroF1=0.9422 | lr_bb=2.53e-05 lr_head=1.78e-04 | gnorm=1.16 | 7.3s | best=0.9447(ep26) | no_improve=3
outputs/logs/train_baseline_20260913_141931.log,74,[Epoch 030/039] train_loss=0.7378 train_acc1=99.41% | val_loss=0.3379 val_top1=94.59% val_top5=99.86% macroF1=0.9461 | lr_bb=2.25e-05 lr_head=1.48e-04 | gnorm=1.06 | 7.2s | best=0.9461(ep30) | no_improve=0
outputs/logs/train_baseline_20260913_141931.log,76,[Epoch 031/039] train_loss=0.7368 train_acc1=99.44% | val_loss=0.3314 val_top1=94.05% val_top5=100.00% macroF1=0.9409 | lr_bb=2.00e-05 lr_head=1.20e-04 | gnorm=1.09 | 7.2s | best=0.9461(ep30) | no_improve=1
outputs/logs/train_baseline_20260913_141931.log,78,[Epoch 032/039] train_loss=0.7342 train_acc1=99.51% | val_loss=0.3400 val_top1=94.73% val_top5=100.00% macroF1=0.9475 | lr_bb=1.77e-05 lr_head=9.49e-05 | gnorm=1.03 | 7.2s | best=0.9475(ep32) | no_improve=0
outputs/logs/train_baseline_20260913_141931.log,80,[Epoch 033/039] train_loss=0.7392 train_acc1=99.20% | val_loss=0.3357 val_top1=94.46% val_top5=100.00% macroF1=0.9447 | lr_bb=1.57e-05 lr_head=7.29e-05 | gnorm=1.08 | 7.2s | best=0.9475(ep32) | no_improve=1
outputs/logs/train_baseline_20260913_141931.log,82,[Epoch 034/039] train_loss=0.7399 train_acc1=99.24% | val_loss=0.3438 val_top1=95.00% val_top5=99.86% macroF1=0.9502 | lr_bb=1.40e-05 lr_head=5.39e-05 | gnorm=1.15 | 7.2s | best=0.9502(ep34) | no_improve=0
outputs/logs/train_baseline_20260913_141931.log,84,[Epoch 035/039] train_loss=0.7344 train_acc1=99.51% | val_loss=0.3395 val_top1=94.73% val_top5=99.73% macroF1=0.9476 | lr_bb=1.26e-05 lr_head=3.83e-05 | gnorm=1.03 | 7.1s | best=0.9502(ep34) | no_improve=1
outputs/logs/train_baseline_20260913_141931.log,86,[Epoch 036/039] train_loss=0.7335 train_acc1=99.51% | val_loss=0.3461 val_top1=94.19% val_top5=99.86% macroF1=0.9420 | lr_bb=1.15e-05 lr_head=2.60e-05 | gnorm=1.09 | 7.1s | best=0.9502(ep34) | no_improve=2
outputs/logs/train_baseline_20260913_141931.log,88,[Epoch 037/039] train_loss=0.7303 train_acc1=99.31% | val_loss=0.3440 val_top1=94.32% val_top5=99.73% macroF1=0.9434 | lr_bb=1.06e-05 lr_head=1.71e-05 | gnorm=1.02 | 7.1s | best=0.9502(ep34) | no_improve=3
outputs/logs/train_baseline_20260913_141931.log,90,[Epoch 038/039] train_loss=0.7320 train_acc1=99.38% | val_loss=0.3386 val_top1=94.32% val_top5=99.86% macroF1=0.9434 | lr_bb=1.02e-05 lr_head=1.18e-05 | gnorm=1.03 | 7.2s | best=0.9502(ep34) | no_improve=4
outputs/logs/train_baseline_20260913_141931.log,92,[Epoch 039/039] train_loss=0.7363 train_acc1=99.34% | val_loss=0.3474 val_top1=94.19% val_top5=99.86% macroF1=0.9421 | lr_bb=1.00e-05 lr_head=1.00e-05 | gnorm=1.15 | 7.1s | best=0.9502(ep34) | no_improve=5
outputs/logs/train_baseline_rerun.log,9,[optim] group=backbone_decay     n_params=126  lr=1.000e-04 wd=0.05
outputs/logs/train_baseline_rerun.log,10,[optim] group=backbone_no_decay  n_params=255  lr=1.000e-04 wd=0.0
outputs/logs/train_baseline_rerun.log,14,[Epoch 000/039] train_loss=3.6501 train_acc1=1.74% | val_loss=3.6468 val_top1=1.62% val_top5=11.62% macroF1=0.0165 | lr_bb=3.40e-05 lr_head=3.40e-04 | gnorm=2.04 | 51.9s | best=0.0165(ep0) | no_improve=0
outputs/logs/train_baseline_rerun.log,16,[Epoch 001/039] train_loss=3.3403 train_acc1=29.97% | val_loss=2.8773 val_top1=66.22% val_top5=91.62% macroF1=0.6506 | lr_bb=6.70e-05 lr_head=6.70e-04 | gnorm=2.04 | 6.0s | best=0.6506(ep1) | no_improve=0
outputs/logs/train_baseline_rerun.log,18,[Epoch 002/039] train_loss=2.4175 train_acc1=73.75% | val_loss=1.3185 val_top1=84.59% val_top5=99.59% macroF1=0.8397 | lr_bb=1.00e-04 lr_head=1.00e-03 | gnorm=2.22 | 5.9s | best=0.8397(ep2) | no_improve=0
outputs/logs/train_baseline_rerun.log,20,[Epoch 003/039] train_loss=1.3996 train_acc1=85.94% | val_loss=0.5146 val_top1=89.46% val_top5=99.86% macroF1=0.8938 | lr_bb=9.98e-05 lr_head=9.98e-04 | gnorm=2.12 | 5.8s | best=0.8938(ep3) | no_improve=0
outputs/logs/train_baseline_rerun.log,22,[Epoch 004/039] train_loss=1.0660 train_acc1=89.76% | val_loss=0.4031 val_top1=91.62% val_top5=99.73% macroF1=0.9158 | lr_bb=9.94e-05 lr_head=9.93e-04 | gnorm=2.34 | 5.8s | best=0.9158(ep4) | no_improve=0
outputs/logs/train_baseline_rerun.log,24,[Epoch 005/039] train_loss=0.9586 train_acc1=93.30% | val_loss=0.3637 val_top1=92.30% val_top5=100.00% macroF1=0.9224 | lr_bb=9.85e-05 lr_head=9.84e-04 | gnorm=2.17 | 5.9s | best=0.9224(ep5) | no_improve=0
outputs/logs/train_baseline_rerun.log,26,[Epoch 006/039] train_loss=0.9140 train_acc1=94.55% | val_loss=0.3420 val_top1=92.97% val_top5=99.86% macroF1=0.9297 | lr_bb=9.74e-05 lr_head=9.72e-04 | gnorm=2.12 | 6.0s | best=0.9297(ep6) | no_improve=0
outputs/logs/train_baseline_rerun.log,28,[Epoch 007/039] train_loss=0.8835 train_acc1=95.24% | val_loss=0.3413 val_top1=93.11% val_top5=99.86% macroF1=0.9310 | lr_bb=9.60e-05 lr_head=9.56e-04 | gnorm=2.09 | 5.8s | best=0.9310(ep7) | no_improve=0
outputs/logs/train_baseline_rerun.log,30,[Epoch 008/039] train_loss=0.8504 train_acc1=96.60% | val_loss=0.3338 val_top1=92.97% val_top5=99.86% macroF1=0.9295 | lr_bb=9.43e-05 lr_head=9.37e-04 | gnorm=1.85 | 5.9s | best=0.9310(ep7) | no_improve=1
outputs/logs/train_baseline_rerun.log,32,[Epoch 009/039] train_loss=0.8382 train_acc1=96.84% | val_loss=0.3369 val_top1=93.11% val_top5=99.86% macroF1=0.9310 | lr_bb=9.23e-05 lr_head=9.15e-04 | gnorm=1.88 | 5.8s | best=0.9310(ep9) | no_improve=0
outputs/logs/train_baseline_rerun.log,34,[Epoch 010/039] train_loss=0.8190 train_acc1=97.43% | val_loss=0.3463 val_top1=93.24% val_top5=99.86% macroF1=0.9318 | lr_bb=9.00e-05 lr_head=8.90e-04 | gnorm=1.77 | 6.1s | best=0.9318(ep10) | no_improve=0
outputs/logs/train_baseline_rerun.log,36,[Epoch 011/039] train_loss=0.8033 train_acc1=98.06% | val_loss=0.3477 val_top1=93.65% val_top5=99.86% macroF1=0.9365 | lr_bb=8.75e-05 lr_head=8.62e-04 | gnorm=1.69 | 5.9s | best=0.9365(ep11) | no_improve=0
outputs/logs/train_baseline_rerun.log,38,[Epoch 012/039] train_loss=0.7972 train_acc1=98.02% | val_loss=0.3343 val_top1=93.51% val_top5=100.00% macroF1=0.9353 | lr_bb=8.47e-05 lr_head=8.32e-04 | gnorm=1.71 | 6.0s | best=0.9365(ep11) | no_improve=1
outputs/logs/train_baseline_rerun.log,40,[Epoch 013/039] train_loss=0.7827 train_acc1=98.85% | val_loss=0.3361 val_top1=93.92% val_top5=99.86% macroF1=0.9392 | lr_bb=8.18e-05 lr_head=7.99e-04 | gnorm=1.51 | 5.8s | best=0.9392(ep13) | no_improve=0
outputs/logs/train_baseline_rerun.log,42,[Epoch 014/039] train_loss=0.7853 train_acc1=98.19% | val_loss=0.3266 val_top1=93.78% val_top5=99.86% macroF1=0.9382 | lr_bb=7.86e-05 lr_head=7.65e-04 | gnorm=1.59 | 5.9s | best=0.9392(ep13) | no_improve=1
outputs/logs/train_baseline_rerun.log,44,[Epoch 015/039] train_loss=0.7819 train_acc1=98.26% | val_loss=0.3301 val_top1=94.19% val_top5=99.86% macroF1=0.9421 | lr_bb=7.53e-05 lr_head=7.28e-04 | gnorm=1.50 | 6.1s | best=0.9421(ep15) | no_improve=0
outputs/logs/train_baseline_rerun.log,46,[Epoch 016/039] train_loss=0.7731 train_acc1=98.85% | val_loss=0.3443 val_top1=93.51% val_top5=99.86% macroF1=0.9350 | lr_bb=7.18e-05 lr_head=6.90e-04 | gnorm=1.45 | 5.9s | best=0.9421(ep15) | no_improve=1
outputs/logs/train_baseline_rerun.log,48,[Epoch 017/039] train_loss=0.7706 train_acc1=98.58% | val_loss=0.3338 val_top1=93.38% val_top5=100.00% macroF1=0.9338 | lr_bb=6.82e-05 lr_head=6.50e-04 | gnorm=1.42 | 6.1s | best=0.9421(ep15) | no_improve=2
outputs/logs/train_baseline_rerun.log,50,[Epoch 018/039] train_loss=0.7623 train_acc1=98.92% | val_loss=0.3341 val_top1=93.92% val_top5=99.59% macroF1=0.9396 | lr_bb=6.45e-05 lr_head=6.09e-04 | gnorm=1.32 | 6.0s | best=0.9421(ep15) | no_improve=3
outputs/logs/train_baseline_rerun.log,52,[Epoch 019/039] train_loss=0.7564 train_acc1=98.96% | val_loss=0.3382 val_top1=93.92% val_top5=99.73% macroF1=0.9395 | lr_bb=6.07e-05 lr_head=5.68e-04 | gnorm=1.26 | 6.0s | best=0.9421(ep15) | no_improve=4
outputs/logs/train_baseline_rerun.log,54,[Epoch 020/039] train_loss=0.7597 train_acc1=98.75% | val_loss=0.3543 val_top1=93.78% val_top5=99.73% macroF1=0.9377 | lr_bb=5.69e-05 lr_head=5.26e-04 | gnorm=1.34 | 6.0s | best=0.9421(ep15) | no_improve=5
outputs/logs/train_baseline_rerun.log,56,[Epoch 021/039] train_loss=0.7568 train_acc1=98.82% | val_loss=0.3283 val_top1=93.78% val_top5=99.73% macroF1=0.9382 | lr_bb=5.31e-05 lr_head=4.84e-04 | gnorm=1.44 | 5.9s | best=0.9421(ep15) | no_improve=6
outputs/logs/train_baseline_rerun.log,58,[Epoch 022/039] train_loss=0.7508 train_acc1=99.24% | val_loss=0.3498 val_top1=93.78% val_top5=99.86% macroF1=0.9379 | lr_bb=4.93e-05 lr_head=4.42e-04 | gnorm=1.16 | 5.9s | best=0.9421(ep15) | no_improve=7
outputs/logs/train_baseline_rerun.log,60,[Epoch 023/039] train_loss=0.7516 train_acc1=98.92% | val_loss=0.3500 val_top1=94.05% val_top5=99.73% macroF1=0.9405 | lr_bb=4.55e-05 lr_head=4.01e-04 | gnorm=1.33 | 5.9s | best=0.9421(ep15) | no_improve=8
outputs/logs/train_baseline_rerun.log,62,[Epoch 024/039] train_loss=0.7469 train_acc1=99.13% | val_loss=0.3482 val_top1=93.38% val_top5=99.73% macroF1=0.9337 | lr_bb=4.18e-05 lr_head=3.60e-04 | gnorm=1.26 | 5.9s | best=0.9421(ep15) | no_improve=9
outputs/logs/train_baseline_rerun.log,64,[Epoch 025/039] train_loss=0.7456 train_acc1=99.24% | val_loss=0.3494 val_top1=94.19% val_top5=99.73% macroF1=0.9421 | lr_bb=3.82e-05 lr_head=3.20e-04 | gnorm=1.15 | 6.1s | best=0.9421(ep15) | no_improve=10
outputs/logs/train_baseline_rerun.log,66,[Epoch 026/039] train_loss=0.7407 train_acc1=99.24% | val_loss=0.3420 val_top1=93.51% val_top5=100.00% macroF1=0.9352 | lr_bb=3.47e-05 lr_head=2.82e-04 | gnorm=1.18 | 6.1s | best=0.9421(ep15) | no_improve=11
outputs/logs/train_baseline_rerun.log,68,[Epoch 027/039] train_loss=0.7462 train_acc1=98.75% | val_loss=0.3473 val_top1=93.78% val_top5=100.00% macroF1=0.9382 | lr_bb=3.14e-05 lr_head=2.45e-04 | gnorm=1.24 | 6.0s | best=0.9421(ep15) | no_improve=12
outputs/logs/train_baseline_rerun.log,70,[Epoch 028/039] train_loss=0.7417 train_acc1=99.24% | val_loss=0.3462 val_top1=94.05% val_top5=100.00% macroF1=0.9407 | lr_bb=2.82e-05 lr_head=2.11e-04 | gnorm=1.23 | 6.0s | best=0.9421(ep15) | no_improve=13
outputs/logs/train_baseline_rerun.log,72,[Epoch 029/039] train_loss=0.7390 train_acc1=99.38% | val_loss=0.3430 val_top1=93.65% val_top5=100.00% macroF1=0.9367 | lr_bb=2.53e-05 lr_head=1.78e-04 | gnorm=1.11 | 6.1s | best=0.9421(ep15) | no_improve=14
outputs/logs/train_baseline_rerun.log,74,[Epoch 030/039] train_loss=0.7375 train_acc1=99.44% | val_loss=0.3457 val_top1=94.05% val_top5=99.86% macroF1=0.9406 | lr_bb=2.25e-05 lr_head=1.48e-04 | gnorm=1.04 | 5.9s | best=0.9421(ep15) | no_improve=15
outputs/logs/train_baseline_rerun.log,76,[Epoch 031/039] train_loss=0.7367 train_acc1=99.51% | val_loss=0.3389 val_top1=94.19% val_top5=100.00% macroF1=0.9422 | lr_bb=2.00e-05 lr_head=1.20e-04 | gnorm=1.07 | 6.0s | best=0.9422(ep31) | no_improve=0
outputs/logs/train_baseline_rerun.log,78,[Epoch 032/039] train_loss=0.7339 train_acc1=99.48% | val_loss=0.3461 val_top1=93.92% val_top5=100.00% macroF1=0.9394 | lr_bb=1.77e-05 lr_head=9.49e-05 | gnorm=1.03 | 6.1s | best=0.9422(ep31) | no_improve=1
outputs/logs/train_baseline_rerun.log,80,[Epoch 033/039] train_loss=0.7392 train_acc1=99.13% | val_loss=0.3398 val_top1=94.46% val_top5=99.86% macroF1=0.9446 | lr_bb=1.57e-05 lr_head=7.29e-05 | gnorm=1.08 | 5.9s | best=0.9446(ep33) | no_improve=0
outputs/logs/train_baseline_rerun.log,82,[Epoch 034/039] train_loss=0.7397 train_acc1=99.27% | val_loss=0.3467 val_top1=94.59% val_top5=99.86% macroF1=0.9462 | lr_bb=1.40e-05 lr_head=5.39e-05 | gnorm=1.17 | 6.0s | best=0.9462(ep34) | no_improve=0
outputs/logs/train_baseline_rerun.log,84,[Epoch 035/039] train_loss=0.7339 train_acc1=99.48% | val_loss=0.3433 val_top1=94.19% val_top5=99.73% macroF1=0.9422 | lr_bb=1.26e-05 lr_head=3.83e-05 | gnorm=0.99 | 6.0s | best=0.9462(ep34) | no_improve=1
outputs/logs/train_baseline_rerun.log,86,[Epoch 036/039] train_loss=0.7335 train_acc1=99.48% | val_loss=0.3527 val_top1=93.65% val_top5=99.86% macroF1=0.9367 | lr_bb=1.15e-05 lr_head=2.60e-05 | gnorm=1.06 | 6.0s | best=0.9462(ep34) | no_improve=2
outputs/logs/train_baseline_rerun.log,88,[Epoch 037/039] train_loss=0.7300 train_acc1=99.34% | val_loss=0.3510 val_top1=94.19% val_top5=99.59% macroF1=0.9421 | lr_bb=1.06e-05 lr_head=1.71e-05 | gnorm=1.00 | 6.0s | best=0.9462(ep34) | no_improve=3
outputs/logs/train_baseline_rerun.log,90,[Epoch 038/039] train_loss=0.7314 train_acc1=99.38% | val_loss=0.3480 val_top1=94.05% val_top5=99.73% macroF1=0.9406 | lr_bb=1.02e-05 lr_head=1.18e-05 | gnorm=1.00 | 6.0s | best=0.9462(ep34) | no_improve=4
outputs/logs/train_baseline_rerun.log,92,[Epoch 039/039] train_loss=0.7361 train_acc1=99.34% | val_loss=0.3523 val_top1=94.05% val_top5=99.73% macroF1=0.9407 | lr_bb=1.00e-05 lr_head=1.00e-05 | gnorm=1.14 | 5.8s | best=0.9462(ep34) | no_improve=5
outputs/logs/train_opt_abl_a_20260913_154500.log,26,[optim] group=backbone_decay     n_params=126  lr=1.000e-04 wd=0.05
outputs/logs/train_opt_abl_a_20260913_154500.log,27,[optim] group=backbone_no_decay  n_params=255  lr=1.000e-04 wd=0.0
outputs/logs/train_opt_abl_a_20260913_154725.log,49,[optim] group=backbone_decay     n_params=126  lr=1.000e-04 wd=0.05
outputs/logs/train_opt_abl_a_20260913_154725.log,50,[optim] group=backbone_no_decay  n_params=255  lr=1.000e-04 wd=0.0
outputs/logs/train_opt_abl_a_20260913_155030.log,56,[optim] group=backbone_decay     n_params=126  lr=1.000e-04 wd=0.05
outputs/logs/train_opt_abl_a_20260913_155030.log,57,[optim] group=backbone_no_decay  n_params=255  lr=1.000e-04 wd=0.0
outputs/logs/train_opt_abl_a_20260913_155151.log,81,[optim] group=backbone_decay     n_params=126  lr=1.000e-04 wd=0.05
outputs/logs/train_opt_abl_a_20260913_155151.log,82,[optim] group=backbone_no_decay  n_params=255  lr=1.000e-04 wd=0.0
outputs/logs/train_opt_abl_a_20260913_161642.log,10,[optim] group=backbone_decay     n_params=126  lr=1.000e-04 wd=0.05
outputs/logs/train_opt_abl_a_20260913_161642.log,11,[optim] group=backbone_no_decay  n_params=255  lr=1.000e-04 wd=0.0
outputs/logs/train_opt_abl_a_20260913_161642.log,15,[Epoch 000/039] train_loss=3.6499 train_acc1=2.19% | val_loss=3.6488 val_top1=1.35% val_top5=12.43% macroF1=0.0147 | lr_bb=3.40e-05 lr_head=3.40e-04 | gnorm=2.01 | 53.8s | best=0.0147(ep0) | no_improve=0
outputs/logs/train_opt_abl_a_20260913_161642.log,17,[Epoch 001/039] train_loss=3.3758 train_acc1=26.15% | val_loss=2.9413 val_top1=62.97% val_top5=90.95% macroF1=0.6136 | lr_bb=6.70e-05 lr_head=6.70e-04 | gnorm=2.11 | 8.0s | best=0.6136(ep1) | no_improve=0
outputs/logs/train_opt_abl_a_20260913_161642.log,19,[Epoch 002/039] train_loss=2.5371 train_acc1=67.47% | val_loss=1.3844 val_top1=84.32% val_top5=99.46% macroF1=0.8344 | lr_bb=1.00e-04 lr_head=1.00e-03 | gnorm=2.21 | 8.2s | best=0.8344(ep2) | no_improve=0
outputs/logs/train_opt_abl_a_20260913_161642.log,21,[Epoch 003/039] train_loss=1.5430 train_acc1=81.81% | val_loss=0.5523 val_top1=89.73% val_top5=99.86% macroF1=0.8963 | lr_bb=9.98e-05 lr_head=9.98e-04 | gnorm=2.47 | 7.9s | best=0.8963(ep3) | no_improve=0
outputs/logs/train_opt_abl_a_20260913_161642.log,23,[Epoch 004/039] train_loss=1.1654 train_acc1=87.01% | val_loss=0.4366 val_top1=91.49% val_top5=99.86% macroF1=0.9138 | lr_bb=9.94e-05 lr_head=9.93e-04 | gnorm=2.60 | 7.9s | best=0.9138(ep4) | no_improve=0
outputs/logs/train_opt_abl_a_20260913_161642.log,25,[Epoch 005/039] train_loss=1.0751 train_acc1=89.20% | val_loss=0.3837 val_top1=92.03% val_top5=99.86% macroF1=0.9198 | lr_bb=9.85e-05 lr_head=9.84e-04 | gnorm=2.78 | 7.7s | best=0.9198(ep5) | no_improve=0
outputs/logs/train_opt_abl_a_20260913_161642.log,27,[Epoch 006/039] train_loss=1.0077 train_acc1=90.90% | val_loss=0.3581 val_top1=92.70% val_top5=99.86% macroF1=0.9262 | lr_bb=9.74e-05 lr_head=9.72e-04 | gnorm=2.63 | 8.0s | best=0.9262(ep6) | no_improve=0
outputs/logs/train_opt_abl_a_20260913_161642.log,29,[Epoch 007/039] train_loss=0.9684 train_acc1=92.15% | val_loss=0.3517 val_top1=92.43% val_top5=99.73% macroF1=0.9235 | lr_bb=9.60e-05 lr_head=9.56e-04 | gnorm=2.69 | 7.9s | best=0.9262(ep6) | no_improve=1
outputs/logs/train_opt_abl_a_20260913_161642.log,31,[Epoch 008/039] train_loss=0.9352 train_acc1=93.40% | val_loss=0.3127 val_top1=93.24% val_top5=99.86% macroF1=0.9328 | lr_bb=9.43e-05 lr_head=9.37e-04 | gnorm=2.74 | 7.9s | best=0.9328(ep8) | no_improve=0
outputs/logs/train_opt_abl_a_20260913_161642.log,33,[Epoch 009/039] train_loss=0.9190 train_acc1=93.44% | val_loss=0.3395 val_top1=93.65% val_top5=99.86% macroF1=0.9366 | lr_bb=9.23e-05 lr_head=9.15e-04 | gnorm=2.71 | 7.9s | best=0.9366(ep9) | no_improve=0
outputs/logs/train_opt_abl_a_20260913_161642.log,35,[Epoch 010/039] train_loss=0.9205 train_acc1=93.72% | val_loss=0.3308 val_top1=93.11% val_top5=99.73% macroF1=0.9316 | lr_bb=9.00e-05 lr_head=8.90e-04 | gnorm=2.83 | 7.9s | best=0.9366(ep9) | no_improve=1
outputs/logs/train_opt_abl_a_20260913_161642.log,37,[Epoch 011/039] train_loss=0.9026 train_acc1=94.72% | val_loss=0.3396 val_top1=93.51% val_top5=99.86% macroF1=0.9349 | lr_bb=8.75e-05 lr_head=8.62e-04 | gnorm=2.67 | 8.0s | best=0.9366(ep9) | no_improve=2
outputs/logs/train_opt_abl_a_20260913_161642.log,39,[Epoch 012/039] train_loss=0.8741 train_acc1=95.90% | val_loss=0.3331 val_top1=94.46% val_top5=99.73% macroF1=0.9452 | lr_bb=8.47e-05 lr_head=8.32e-04 | gnorm=2.59 | 8.1s | best=0.9452(ep12) | no_improve=0
outputs/logs/train_opt_abl_a_20260913_161642.log,41,[Epoch 013/039] train_loss=0.8547 train_acc1=96.49% | val_loss=0.3368 val_top1=94.32% val_top5=99.59% macroF1=0.9432 | lr_bb=8.18e-05 lr_head=7.99e-04 | gnorm=2.28 | 8.0s | best=0.9452(ep12) | no_improve=1
outputs/logs/train_opt_abl_a_20260913_161642.log,43,[Epoch 014/039] train_loss=0.8450 train_acc1=96.35% | val_loss=0.3202 val_top1=93.78% val_top5=99.73% macroF1=0.9384 | lr_bb=7.86e-05 lr_head=7.65e-04 | gnorm=2.35 | 8.0s | best=0.9452(ep12) | no_improve=2
outputs/logs/train_opt_abl_a_20260913_161642.log,45,[Epoch 015/039] train_loss=0.8502 train_acc1=96.46% | val_loss=0.3232 val_top1=94.59% val_top5=99.86% macroF1=0.9462 | lr_bb=7.53e-05 lr_head=7.28e-04 | gnorm=2.58 | 7.8s | best=0.9462(ep15) | no_improve=0
outputs/logs/train_opt_abl_a_20260913_161642.log,47,[Epoch 016/039] train_loss=0.8440 train_acc1=96.46% | val_loss=0.3231 val_top1=94.59% val_top5=99.86% macroF1=0.9462 | lr_bb=7.18e-05 lr_head=6.90e-04 | gnorm=2.35 | 8.0s | best=0.9462(ep15) | no_improve=1
outputs/logs/train_opt_abl_a_20260913_161642.log,49,[Epoch 017/039] train_loss=0.8361 train_acc1=96.98% | val_loss=0.3165 val_top1=94.59% val_top5=99.73% macroF1=0.9460 | lr_bb=6.82e-05 lr_head=6.50e-04 | gnorm=2.34 | 8.0s | best=0.9462(ep15) | no_improve=2
outputs/logs/train_opt_abl_a_20260913_161642.log,51,[Epoch 018/039] train_loss=0.8255 train_acc1=97.15% | val_loss=0.3378 val_top1=94.05% val_top5=99.59% macroF1=0.9403 | lr_bb=6.45e-05 lr_head=6.09e-04 | gnorm=2.00 | 8.1s | best=0.9462(ep15) | no_improve=3
outputs/logs/train_opt_abl_a_20260913_161642.log,53,[Epoch 019/039] train_loss=0.8261 train_acc1=97.01% | val_loss=0.3351 val_top1=94.32% val_top5=99.73% macroF1=0.9434 | lr_bb=6.07e-05 lr_head=5.68e-04 | gnorm=2.42 | 8.2s | best=0.9462(ep15) | no_improve=4
outputs/logs/train_opt_abl_a_20260913_161642.log,55,[Epoch 020/039] train_loss=0.8228 train_acc1=97.47% | val_loss=0.3375 val_top1=93.92% val_top5=99.59% macroF1=0.9389 | lr_bb=5.69e-05 lr_head=5.26e-04 | gnorm=2.38 | 8.0s | best=0.9462(ep15) | no_improve=5
outputs/logs/train_opt_abl_a_20260913_161642.log,57,[Epoch 021/039] train_loss=0.8188 train_acc1=97.15% | val_loss=0.3182 val_top1=94.86% val_top5=99.86% macroF1=0.9488 | lr_bb=5.31e-05 lr_head=4.84e-04 | gnorm=2.28 | 8.0s | best=0.9488(ep21) | no_improve=0
outputs/logs/train_opt_abl_a_20260913_161642.log,59,[Epoch 022/039] train_loss=0.8142 train_acc1=97.43% | val_loss=0.3252 val_top1=94.73% val_top5=99.86% macroF1=0.9473 | lr_bb=4.93e-05 lr_head=4.42e-04 | gnorm=2.47 | 8.0s | best=0.9488(ep21) | no_improve=1
outputs/logs/train_opt_abl_a_20260913_161642.log,61,[Epoch 023/039] train_loss=0.8097 train_acc1=97.33% | val_loss=0.3253 val_top1=94.86% val_top5=99.73% macroF1=0.9488 | lr_bb=4.55e-05 lr_head=4.01e-04 | gnorm=2.12 | 7.9s | best=0.9488(ep23) | no_improve=0
outputs/logs/train_opt_abl_a_20260913_161642.log,63,[Epoch 024/039] train_loss=0.8120 train_acc1=97.40% | val_loss=0.3432 val_top1=94.05% val_top5=99.73% macroF1=0.9406 | lr_bb=4.18e-05 lr_head=3.60e-04 | gnorm=2.39 | 7.9s | best=0.9488(ep23) | no_improve=1
outputs/logs/train_opt_abl_a_20260913_161642.log,65,[Epoch 025/039] train_loss=0.8094 train_acc1=97.15% | val_loss=0.3275 val_top1=94.32% val_top5=99.86% macroF1=0.9433 | lr_bb=3.82e-05 lr_head=3.20e-04 | gnorm=2.13 | 7.9s | best=0.9488(ep23) | no_improve=2
outputs/logs/train_opt_abl_a_20260913_161642.log,67,[Epoch 026/039] train_loss=0.7951 train_acc1=97.78% | val_loss=0.3355 val_top1=93.92% val_top5=100.00% macroF1=0.9390 | lr_bb=3.47e-05 lr_head=2.82e-04 | gnorm=2.06 | 8.0s | best=0.9488(ep23) | no_improve=3
outputs/logs/train_opt_abl_a_20260913_161642.log,69,[Epoch 027/039] train_loss=0.7962 train_acc1=98.19% | val_loss=0.3246 val_top1=94.19% val_top5=99.73% macroF1=0.9421 | lr_bb=3.14e-05 lr_head=2.45e-04 | gnorm=1.87 | 25.5s | best=0.9488(ep23) | no_improve=4
outputs/logs/train_opt_abl_a_20260913_161642.log,71,[Epoch 028/039] train_loss=0.7960 train_acc1=97.71% | val_loss=0.3262 val_top1=94.59% val_top5=99.86% macroF1=0.9459 | lr_bb=2.82e-05 lr_head=2.11e-04 | gnorm=2.00 | 8.0s | best=0.9488(ep23) | no_improve=5
outputs/logs/train_opt_abl_a_20260913_161642.log,73,[Epoch 029/039] train_loss=0.7922 train_acc1=98.12% | val_loss=0.3296 val_top1=94.32% val_top5=99.86% macroF1=0.9433 | lr_bb=2.53e-05 lr_head=1.78e-04 | gnorm=1.92 | 8.0s | best=0.9488(ep23) | no_improve=6
outputs/logs/train_opt_abl_a_20260913_161642.log,75,[Epoch 030/039] train_loss=0.7958 train_acc1=98.02% | val_loss=0.3307 val_top1=95.00% val_top5=99.86% macroF1=0.9502 | lr_bb=2.25e-05 lr_head=1.48e-04 | gnorm=2.13 | 7.8s | best=0.9502(ep30) | no_improve=0
outputs/logs/train_opt_abl_a_20260913_161642.log,77,[Epoch 031/039] train_loss=0.7971 train_acc1=97.60% | val_loss=0.3254 val_top1=95.00% val_top5=100.00% macroF1=0.9502 | lr_bb=2.00e-05 lr_head=1.20e-04 | gnorm=2.02 | 7.9s | best=0.9502(ep31) | no_improve=0
outputs/logs/train_opt_abl_a_20260913_161642.log,79,[Epoch 032/039] train_loss=0.7860 train_acc1=98.19% | val_loss=0.3221 val_top1=94.86% val_top5=99.86% macroF1=0.9489 | lr_bb=1.77e-05 lr_head=9.49e-05 | gnorm=1.88 | 7.9s | best=0.9502(ep31) | no_improve=1
outputs/logs/train_opt_abl_a_20260913_161642.log,81,[Epoch 033/039] train_loss=0.7860 train_acc1=98.12% | val_loss=0.3237 val_top1=94.46% val_top5=99.86% macroF1=0.9446 | lr_bb=1.57e-05 lr_head=7.29e-05 | gnorm=1.70 | 8.0s | best=0.9502(ep31) | no_improve=2
outputs/logs/train_opt_abl_a_20260913_161642.log,83,[Epoch 034/039] train_loss=0.7913 train_acc1=97.85% | val_loss=0.3203 val_top1=94.59% val_top5=99.86% macroF1=0.9461 | lr_bb=1.40e-05 lr_head=5.39e-05 | gnorm=1.96 | 8.1s | best=0.9502(ep31) | no_improve=3
outputs/logs/train_opt_abl_a_20260913_161642.log,85,[Epoch 035/039] train_loss=0.7861 train_acc1=98.16% | val_loss=0.3261 val_top1=94.73% val_top5=99.86% macroF1=0.9475 | lr_bb=1.26e-05 lr_head=3.83e-05 | gnorm=1.87 | 8.1s | best=0.9502(ep31) | no_improve=4
outputs/logs/train_opt_abl_a_20260913_161642.log,87,[Epoch 036/039] train_loss=0.7880 train_acc1=98.26% | val_loss=0.3282 val_top1=94.59% val_top5=99.86% macroF1=0.9461 | lr_bb=1.15e-05 lr_head=2.60e-05 | gnorm=1.71 | 8.1s | best=0.9502(ep31) | no_improve=5
outputs/logs/train_opt_abl_a_20260913_161642.log,89,[Epoch 037/039] train_loss=0.7821 train_acc1=98.12% | val_loss=0.3257 val_top1=94.73% val_top5=99.86% macroF1=0.9474 | lr_bb=1.06e-05 lr_head=1.71e-05 | gnorm=1.86 | 8.0s | best=0.9502(ep31) | no_improve=6
outputs/logs/train_opt_abl_a_20260913_161642.log,91,[Epoch 038/039] train_loss=0.7848 train_acc1=98.23% | val_loss=0.3235 val_top1=94.73% val_top5=100.00% macroF1=0.9473 | lr_bb=1.02e-05 lr_head=1.18e-05 | gnorm=1.87 | 8.1s | best=0.9502(ep31) | no_improve=7
outputs/logs/train_opt_abl_a_20260913_161642.log,93,[Epoch 039/039] train_loss=0.7821 train_acc1=97.99% | val_loss=0.3342 val_top1=94.59% val_top5=99.86% macroF1=0.9461 | lr_bb=1.00e-05 lr_head=1.00e-05 | gnorm=1.76 | 7.9s | best=0.9502(ep31) | no_improve=8
outputs/logs/train_opt_abl_ab_20260913_155153.log,117,[optim] group=backbone_decay     n_params=126  lr=5.000e-05 wd=0.05
outputs/logs/train_opt_abl_ab_20260913_155153.log,118,[optim] group=backbone_no_decay  n_params=255  lr=5.000e-05 wd=0.0
outputs/logs/train_opt_abl_ab_20260913_155320.log,90,[optim] group=backbone_decay     n_params=126  lr=5.000e-05 wd=0.05
outputs/logs/train_opt_abl_ab_20260913_155320.log,91,[optim] group=backbone_no_decay  n_params=255  lr=5.000e-05 wd=0.0
outputs/logs/train_opt_abl_ab_20260913_163243.log,9,[optim] group=backbone_decay     n_params=126  lr=5.000e-05 wd=0.05
outputs/logs/train_opt_abl_ab_20260913_163243.log,10,[optim] group=backbone_no_decay  n_params=255  lr=5.000e-05 wd=0.0
outputs/logs/train_opt_abl_ab_20260913_163243.log,14,[Epoch 000/039] train_loss=3.6505 train_acc1=1.94% | val_loss=3.6507 val_top1=1.35% val_top5=12.43% macroF1=0.0147 | lr_bb=1.70e-05 lr_head=3.40e-04 | gnorm=1.99 | 53.6s | best=0.0147(ep0) | no_improve=0
outputs/logs/train_opt_abl_ab_20260913_163243.log,16,[Epoch 001/039] train_loss=3.4000 train_acc1=23.75% | val_loss=3.0144 val_top1=59.32% val_top5=89.32% macroF1=0.5764 | lr_bb=3.35e-05 lr_head=6.70e-04 | gnorm=2.13 | 7.9s | best=0.5764(ep1) | no_improve=0
outputs/logs/train_opt_abl_ab_20260913_163243.log,18,[Epoch 002/039] train_loss=2.6779 train_acc1=64.51% | val_loss=1.7024 val_top1=82.84% val_top5=99.32% macroF1=0.8180 | lr_bb=5.00e-05 lr_head=1.00e-03 | gnorm=2.21 | 8.0s | best=0.8180(ep2) | no_improve=0
outputs/logs/train_opt_abl_ab_20260913_163243.log,20,[Epoch 003/039] train_loss=1.7450 train_acc1=79.24% | val_loss=0.7132 val_top1=89.73% val_top5=99.86% macroF1=0.8944 | lr_bb=4.99e-05 lr_head=9.98e-04 | gnorm=2.73 | 7.9s | best=0.8944(ep3) | no_improve=0
outputs/logs/train_opt_abl_ab_20260913_163243.log,22,[Epoch 004/039] train_loss=1.2903 train_acc1=85.00% | val_loss=0.4827 val_top1=91.22% val_top5=99.86% macroF1=0.9109 | lr_bb=4.97e-05 lr_head=9.93e-04 | gnorm=2.73 | 7.9s | best=0.9109(ep4) | no_improve=0
outputs/logs/train_opt_abl_ab_20260913_163243.log,24,[Epoch 005/039] train_loss=1.1598 train_acc1=86.46% | val_loss=0.4081 val_top1=91.22% val_top5=99.86% macroF1=0.9111 | lr_bb=4.94e-05 lr_head=9.84e-04 | gnorm=2.81 | 7.6s | best=0.9111(ep5) | no_improve=0
outputs/logs/train_opt_abl_ab_20260913_163243.log,26,[Epoch 006/039] train_loss=1.0765 train_acc1=89.27% | val_loss=0.3776 val_top1=92.03% val_top5=99.86% macroF1=0.9197 | lr_bb=4.89e-05 lr_head=9.72e-04 | gnorm=2.89 | 8.0s | best=0.9197(ep6) | no_improve=0
outputs/logs/train_opt_abl_ab_20260913_163243.log,28,[Epoch 007/039] train_loss=1.0330 train_acc1=90.56% | val_loss=0.3634 val_top1=91.76% val_top5=99.86% macroF1=0.9165 | lr_bb=4.82e-05 lr_head=9.56e-04 | gnorm=2.94 | 7.8s | best=0.9197(ep6) | no_improve=1
outputs/logs/train_opt_abl_ab_20260913_163243.log,30,[Epoch 008/039] train_loss=0.9936 train_acc1=92.05% | val_loss=0.3332 val_top1=92.30% val_top5=99.86% macroF1=0.9223 | lr_bb=4.75e-05 lr_head=9.37e-04 | gnorm=2.73 | 7.8s | best=0.9223(ep8) | no_improve=0
outputs/logs/train_opt_abl_ab_20260913_163243.log,32,[Epoch 009/039] train_loss=0.9785 train_acc1=91.63% | val_loss=0.3450 val_top1=93.38% val_top5=99.86% macroF1=0.9333 | lr_bb=4.66e-05 lr_head=9.15e-04 | gnorm=2.87 | 7.9s | best=0.9333(ep9) | no_improve=0
outputs/logs/train_opt_abl_ab_20260913_163243.log,34,[Epoch 010/039] train_loss=0.9763 train_acc1=92.05% | val_loss=0.3381 val_top1=93.11% val_top5=100.00% macroF1=0.9309 | lr_bb=4.56e-05 lr_head=8.90e-04 | gnorm=3.15 | 7.8s | best=0.9333(ep9) | no_improve=1
outputs/logs/train_opt_abl_ab_20260913_163243.log,36,[Epoch 011/039] train_loss=0.9535 train_acc1=92.95% | val_loss=0.3407 val_top1=93.24% val_top5=99.86% macroF1=0.9320 | lr_bb=4.44e-05 lr_head=8.62e-04 | gnorm=2.69 | 8.0s | best=0.9333(ep9) | no_improve=2
outputs/logs/train_opt_abl_ab_20260913_163243.log,38,[Epoch 012/039] train_loss=0.9303 train_acc1=94.13% | val_loss=0.3292 val_top1=94.46% val_top5=99.86% macroF1=0.9449 | lr_bb=4.32e-05 lr_head=8.32e-04 | gnorm=2.68 | 8.0s | best=0.9449(ep12) | no_improve=0
outputs/logs/train_opt_abl_ab_20260913_163243.log,40,[Epoch 013/039] train_loss=0.9060 train_acc1=95.00% | val_loss=0.3303 val_top1=93.24% val_top5=99.59% macroF1=0.9323 | lr_bb=4.19e-05 lr_head=7.99e-04 | gnorm=2.44 | 8.1s | best=0.9449(ep12) | no_improve=1
outputs/logs/train_opt_abl_ab_20260913_163243.log,42,[Epoch 014/039] train_loss=0.8937 train_acc1=95.42% | val_loss=0.3289 val_top1=93.51% val_top5=99.86% macroF1=0.9350 | lr_bb=4.05e-05 lr_head=7.65e-04 | gnorm=2.57 | 7.9s | best=0.9449(ep12) | no_improve=2
outputs/logs/train_opt_abl_ab_20260913_163243.log,44,[Epoch 015/039] train_loss=0.8967 train_acc1=95.45% | val_loss=0.3325 val_top1=94.19% val_top5=99.73% macroF1=0.9419 | lr_bb=3.90e-05 lr_head=7.28e-04 | gnorm=2.76 | 7.9s | best=0.9449(ep12) | no_improve=3
outputs/logs/train_opt_abl_ab_20260913_163243.log,46,[Epoch 016/039] train_loss=0.8897 train_acc1=95.66% | val_loss=0.3256 val_top1=94.46% val_top5=99.73% macroF1=0.9444 | lr_bb=3.75e-05 lr_head=6.90e-04 | gnorm=2.48 | 7.9s | best=0.9449(ep12) | no_improve=4
outputs/logs/train_opt_abl_ab_20260913_163243.log,48,[Epoch 017/039] train_loss=0.8804 train_acc1=95.62% | val_loss=0.3261 val_top1=93.78% val_top5=99.73% macroF1=0.9378 | lr_bb=3.59e-05 lr_head=6.50e-04 | gnorm=2.55 | 8.1s | best=0.9449(ep12) | no_improve=5
outputs/logs/train_opt_abl_ab_20260913_163243.log,50,[Epoch 018/039] train_loss=0.8714 train_acc1=95.94% | val_loss=0.3344 val_top1=93.92% val_top5=99.73% macroF1=0.9388 | lr_bb=3.42e-05 lr_head=6.09e-04 | gnorm=2.25 | 8.0s | best=0.9449(ep12) | no_improve=6
outputs/logs/train_opt_abl_ab_20260913_163243.log,52,[Epoch 019/039] train_loss=0.8712 train_acc1=95.94% | val_loss=0.3254 val_top1=94.32% val_top5=99.73% macroF1=0.9431 | lr_bb=3.25e-05 lr_head=5.68e-04 | gnorm=2.67 | 8.0s | best=0.9449(ep12) | no_improve=7
outputs/logs/train_opt_abl_ab_20260913_163243.log,54,[Epoch 020/039] train_loss=0.8658 train_acc1=96.39% | val_loss=0.3251 val_top1=94.05% val_top5=99.73% macroF1=0.9407 | lr_bb=3.08e-05 lr_head=5.26e-04 | gnorm=2.68 | 7.9s | best=0.9449(ep12) | no_improve=8
outputs/logs/train_opt_abl_ab_20260913_163243.log,56,[Epoch 021/039] train_loss=0.8617 train_acc1=96.28% | val_loss=0.3135 val_top1=94.59% val_top5=99.86% macroF1=0.9460 | lr_bb=2.92e-05 lr_head=4.84e-04 | gnorm=2.64 | 7.9s | best=0.9460(ep21) | no_improve=0
outputs/logs/train_opt_abl_ab_20260913_163243.log,58,[Epoch 022/039] train_loss=0.8543 train_acc1=96.32% | val_loss=0.3167 val_top1=94.86% val_top5=99.73% macroF1=0.9487 | lr_bb=2.75e-05 lr_head=4.42e-04 | gnorm=2.73 | 7.9s | best=0.9487(ep22) | no_improve=0
outputs/logs/train_opt_abl_ab_20260913_163243.log,60,[Epoch 023/039] train_loss=0.8491 train_acc1=96.88% | val_loss=0.3229 val_top1=94.59% val_top5=99.59% macroF1=0.9459 | lr_bb=2.58e-05 lr_head=4.01e-04 | gnorm=2.41 | 8.0s | best=0.9487(ep22) | no_improve=1
outputs/logs/train_opt_abl_ab_20260913_163243.log,62,[Epoch 024/039] train_loss=0.8493 train_acc1=96.49% | val_loss=0.3389 val_top1=94.46% val_top5=99.59% macroF1=0.9444 | lr_bb=2.41e-05 lr_head=3.60e-04 | gnorm=2.55 | 7.9s | best=0.9487(ep22) | no_improve=2
outputs/logs/train_opt_abl_ab_20260913_163243.log,64,[Epoch 025/039] train_loss=0.8526 train_acc1=96.15% | val_loss=0.3213 val_top1=94.19% val_top5=99.86% macroF1=0.9419 | lr_bb=2.25e-05 lr_head=3.20e-04 | gnorm=2.55 | 7.9s | best=0.9487(ep22) | no_improve=3
outputs/logs/train_opt_abl_ab_20260913_163243.log,66,[Epoch 026/039] train_loss=0.8356 train_acc1=97.22% | val_loss=0.3237 val_top1=94.19% val_top5=99.86% macroF1=0.9419 | lr_bb=2.10e-05 lr_head=2.82e-04 | gnorm=2.60 | 8.0s | best=0.9487(ep22) | no_improve=4
outputs/logs/train_opt_abl_ab_20260913_163243.log,68,[Epoch 027/039] train_loss=0.8336 train_acc1=97.47% | val_loss=0.3146 val_top1=93.78% val_top5=99.73% macroF1=0.9377 | lr_bb=1.95e-05 lr_head=2.45e-04 | gnorm=2.25 | 8.0s | best=0.9487(ep22) | no_improve=5
outputs/logs/train_opt_abl_ab_20260913_163243.log,70,[Epoch 028/039] train_loss=0.8372 train_acc1=97.22% | val_loss=0.3249 val_top1=93.92% val_top5=99.73% macroF1=0.9392 | lr_bb=1.81e-05 lr_head=2.11e-04 | gnorm=2.26 | 8.0s | best=0.9487(ep22) | no_improve=6
outputs/logs/train_opt_abl_ab_20260913_163243.log,72,[Epoch 029/039] train_loss=0.8325 train_acc1=97.08% | val_loss=0.3266 val_top1=94.05% val_top5=99.73% macroF1=0.9406 | lr_bb=1.68e-05 lr_head=1.78e-04 | gnorm=2.29 | 8.0s | best=0.9487(ep22) | no_improve=7
outputs/logs/train_opt_abl_ab_20260913_163243.log,74,[Epoch 030/039] train_loss=0.8330 train_acc1=97.26% | val_loss=0.3229 val_top1=94.59% val_top5=99.86% macroF1=0.9461 | lr_bb=1.56e-05 lr_head=1.48e-04 | gnorm=2.46 | 7.9s | best=0.9487(ep22) | no_improve=8
outputs/logs/train_opt_abl_ab_20260913_163243.log,76,[Epoch 031/039] train_loss=0.8360 train_acc1=96.94% | val_loss=0.3266 val_top1=94.86% val_top5=99.86% macroF1=0.9488 | lr_bb=1.44e-05 lr_head=1.20e-04 | gnorm=2.28 | 7.9s | best=0.9488(ep31) | no_improve=0
outputs/logs/train_opt_abl_ab_20260913_163243.log,78,[Epoch 032/039] train_loss=0.8260 train_acc1=97.01% | val_loss=0.3195 val_top1=94.32% val_top5=99.86% macroF1=0.9434 | lr_bb=1.34e-05 lr_head=9.49e-05 | gnorm=2.30 | 7.9s | best=0.9488(ep31) | no_improve=1
outputs/logs/train_opt_abl_ab_20260913_163243.log,80,[Epoch 033/039] train_loss=0.8251 train_acc1=97.50% | val_loss=0.3210 val_top1=94.32% val_top5=99.73% macroF1=0.9434 | lr_bb=1.25e-05 lr_head=7.29e-05 | gnorm=2.00 | 7.9s | best=0.9488(ep31) | no_improve=2
outputs/logs/train_opt_abl_ab_20260913_163243.log,82,[Epoch 034/039] train_loss=0.8280 train_acc1=97.29% | val_loss=0.3235 val_top1=94.32% val_top5=99.86% macroF1=0.9435 | lr_bb=1.18e-05 lr_head=5.39e-05 | gnorm=2.29 | 7.9s | best=0.9488(ep31) | no_improve=3
outputs/logs/train_opt_abl_ab_20260913_163243.log,84,[Epoch 035/039] train_loss=0.8254 train_acc1=97.12% | val_loss=0.3275 val_top1=94.32% val_top5=99.86% macroF1=0.9435 | lr_bb=1.11e-05 lr_head=3.83e-05 | gnorm=2.28 | 8.0s | best=0.9488(ep31) | no_improve=4
outputs/logs/train_opt_abl_ab_20260913_163243.log,86,[Epoch 036/039] train_loss=0.8277 train_acc1=97.19% | val_loss=0.3285 val_top1=94.46% val_top5=99.86% macroF1=0.9447 | lr_bb=1.06e-05 lr_head=2.60e-05 | gnorm=2.12 | 8.0s | best=0.9488(ep31) | no_improve=5
outputs/logs/train_opt_abl_ab_20260913_163243.log,88,[Epoch 037/039] train_loss=0.8175 train_acc1=97.67% | val_loss=0.3231 val_top1=94.73% val_top5=99.86% macroF1=0.9475 | lr_bb=1.03e-05 lr_head=1.71e-05 | gnorm=2.13 | 8.0s | best=0.9488(ep31) | no_improve=6
outputs/logs/train_opt_abl_ab_20260913_163243.log,90,[Epoch 038/039] train_loss=0.8240 train_acc1=97.67% | val_loss=0.3204 val_top1=94.32% val_top5=99.86% macroF1=0.9432 | lr_bb=1.01e-05 lr_head=1.18e-05 | gnorm=2.29 | 8.0s | best=0.9488(ep31) | no_improve=7
outputs/logs/train_opt_abl_ab_20260913_163243.log,92,[Epoch 039/039] train_loss=0.8171 train_acc1=97.40% | val_loss=0.3297 val_top1=94.19% val_top5=99.73% macroF1=0.9420 | lr_bb=1.00e-05 lr_head=1.00e-05 | gnorm=2.02 | 8.0s | best=0.9488(ep31) | no_improve=8
outputs/logs/train_opt_abl_b_20260913_155004.log,10,[optim] group=backbone_decay     n_params=126  lr=5.000e-05 wd=0.05
outputs/logs/train_opt_abl_b_20260913_155004.log,11,[optim] group=backbone_no_decay  n_params=255  lr=5.000e-05 wd=0.0
outputs/logs/train_opt_abl_b_20260913_155004.log,22,logits = model(x)
outputs/logs/train_opt_abl_b_20260913_155028.log,34,[optim] group=backbone_decay     n_params=126  lr=5.000e-05 wd=0.05
outputs/logs/train_opt_abl_b_20260913_155028.log,35,[optim] group=backbone_no_decay  n_params=255  lr=5.000e-05 wd=0.0
outputs/logs/train_opt_abl_b_20260913_155320.log,9,[optim] group=backbone_decay     n_params=126  lr=5.000e-05 wd=0.05
outputs/logs/train_opt_abl_b_20260913_155320.log,10,[optim] group=backbone_no_decay  n_params=255  lr=5.000e-05 wd=0.0
outputs/logs/train_opt_abl_b_20260913_155320.log,14,[Epoch 000/039] train_loss=3.6506 train_acc1=1.88% | val_loss=3.6490 val_top1=1.62% val_top5=11.62% macroF1=0.0164 | lr_bb=1.70e-05 lr_head=3.40e-04 | gnorm=2.05 | 61.2s | best=0.0164(ep0) | no_improve=0
outputs/logs/train_opt_abl_b_20260913_155320.log,16,[Epoch 001/039] train_loss=3.3660 train_acc1=28.16% | val_loss=2.9453 val_top1=63.78% val_top5=90.54% macroF1=0.6241 | lr_bb=3.35e-05 lr_head=6.70e-04 | gnorm=1.97 | 6.4s | best=0.6241(ep1) | no_improve=0
outputs/logs/train_opt_abl_b_20260913_155320.log,18,[Epoch 002/039] train_loss=2.5714 train_acc1=70.66% | val_loss=1.6459 val_top1=81.89% val_top5=99.59% macroF1=0.8096 | lr_bb=5.00e-05 lr_head=1.00e-03 | gnorm=2.32 | 6.6s | best=0.8096(ep2) | no_improve=0
outputs/logs/train_opt_abl_b_20260913_155320.log,20,[Epoch 003/039] train_loss=1.6006 train_acc1=83.06% | val_loss=0.6526 val_top1=88.78% val_top5=99.86% macroF1=0.8867 | lr_bb=4.99e-05 lr_head=9.98e-04 | gnorm=2.37 | 6.1s | best=0.8867(ep3) | no_improve=0
outputs/logs/train_opt_abl_b_20260913_155320.log,22,[Epoch 004/039] train_loss=1.1671 train_acc1=88.23% | val_loss=0.4531 val_top1=90.54% val_top5=99.86% macroF1=0.9046 | lr_bb=4.97e-05 lr_head=9.93e-04 | gnorm=2.40 | 7.0s | best=0.9046(ep4) | no_improve=0
outputs/logs/train_opt_abl_b_20260913_155320.log,24,[Epoch 005/039] train_loss=1.0300 train_acc1=91.08% | val_loss=0.3883 val_top1=91.35% val_top5=99.86% macroF1=0.9128 | lr_bb=4.94e-05 lr_head=9.84e-04 | gnorm=2.25 | 7.1s | best=0.9128(ep5) | no_improve=0
outputs/logs/train_opt_abl_b_20260913_155320.log,26,[Epoch 006/039] train_loss=0.9768 train_acc1=92.57% | val_loss=0.3591 val_top1=92.43% val_top5=99.86% macroF1=0.9241 | lr_bb=4.89e-05 lr_head=9.72e-04 | gnorm=2.38 | 7.5s | best=0.9241(ep6) | no_improve=0
outputs/logs/train_opt_abl_b_20260913_155320.log,28,[Epoch 007/039] train_loss=0.9436 train_acc1=93.61% | val_loss=0.3574 val_top1=91.62% val_top5=99.86% macroF1=0.9157 | lr_bb=4.82e-05 lr_head=9.56e-04 | gnorm=2.26 | 6.9s | best=0.9241(ep6) | no_improve=1
outputs/logs/train_opt_abl_b_20260913_155320.log,30,[Epoch 008/039] train_loss=0.9061 train_acc1=94.86% | val_loss=0.3386 val_top1=92.57% val_top5=99.86% macroF1=0.9251 | lr_bb=4.75e-05 lr_head=9.37e-04 | gnorm=2.22 | 7.1s | best=0.9251(ep8) | no_improve=0
outputs/logs/train_opt_abl_b_20260913_155320.log,32,[Epoch 009/039] train_loss=0.8904 train_acc1=95.24% | val_loss=0.3410 val_top1=92.70% val_top5=99.86% macroF1=0.9267 | lr_bb=4.66e-05 lr_head=9.15e-04 | gnorm=2.05 | 7.1s | best=0.9267(ep9) | no_improve=0
outputs/logs/train_opt_abl_b_20260913_155320.log,34,[Epoch 010/039] train_loss=0.8705 train_acc1=96.11% | val_loss=0.3378 val_top1=92.43% val_top5=99.86% macroF1=0.9241 | lr_bb=4.56e-05 lr_head=8.90e-04 | gnorm=2.07 | 6.9s | best=0.9267(ep9) | no_improve=1
outputs/logs/train_opt_abl_b_20260913_155320.log,36,[Epoch 011/039] train_loss=0.8512 train_acc1=96.63% | val_loss=0.3433 val_top1=93.38% val_top5=99.86% macroF1=0.9335 | lr_bb=4.44e-05 lr_head=8.62e-04 | gnorm=1.98 | 6.8s | best=0.9335(ep11) | no_improve=0
outputs/logs/train_opt_abl_b_20260913_155320.log,38,[Epoch 012/039] train_loss=0.8430 train_acc1=97.01% | val_loss=0.3379 val_top1=93.92% val_top5=99.86% macroF1=0.9395 | lr_bb=4.32e-05 lr_head=8.32e-04 | gnorm=1.97 | 6.7s | best=0.9395(ep12) | no_improve=0
outputs/logs/train_opt_abl_b_20260913_155320.log,40,[Epoch 013/039] train_loss=0.8260 train_acc1=97.85% | val_loss=0.3330 val_top1=93.24% val_top5=99.86% macroF1=0.9323 | lr_bb=4.19e-05 lr_head=7.99e-04 | gnorm=1.80 | 6.8s | best=0.9395(ep12) | no_improve=1
outputs/logs/train_opt_abl_b_20260913_155320.log,42,[Epoch 014/039] train_loss=0.8246 train_acc1=97.71% | val_loss=0.3283 val_top1=93.78% val_top5=99.86% macroF1=0.9380 | lr_bb=4.05e-05 lr_head=7.65e-04 | gnorm=1.84 | 6.8s | best=0.9395(ep12) | no_improve=2
outputs/logs/train_opt_abl_b_20260913_155320.log,44,[Epoch 015/039] train_loss=0.8195 train_acc1=97.81% | val_loss=0.3303 val_top1=94.19% val_top5=99.86% macroF1=0.9421 | lr_bb=3.90e-05 lr_head=7.28e-04 | gnorm=1.82 | 6.8s | best=0.9421(ep15) | no_improve=0
outputs/logs/train_opt_abl_b_20260913_155320.log,46,[Epoch 016/039] train_loss=0.8106 train_acc1=98.23% | val_loss=0.3305 val_top1=93.78% val_top5=99.73% macroF1=0.9379 | lr_bb=3.75e-05 lr_head=6.90e-04 | gnorm=1.76 | 6.7s | best=0.9421(ep15) | no_improve=1
outputs/logs/train_opt_abl_b_20260913_155320.log,48,[Epoch 017/039] train_loss=0.8041 train_acc1=98.30% | val_loss=0.3316 val_top1=93.65% val_top5=99.73% macroF1=0.9367 | lr_bb=3.59e-05 lr_head=6.50e-04 | gnorm=1.76 | 6.8s | best=0.9421(ep15) | no_improve=2
outputs/logs/train_opt_abl_b_20260913_155320.log,50,[Epoch 018/039] train_loss=0.7954 train_acc1=98.54% | val_loss=0.3296 val_top1=93.78% val_top5=99.73% macroF1=0.9381 | lr_bb=3.42e-05 lr_head=6.09e-04 | gnorm=1.61 | 6.8s | best=0.9421(ep15) | no_improve=3
outputs/logs/train_opt_abl_b_20260913_155320.log,52,[Epoch 019/039] train_loss=0.7890 train_acc1=98.82% | val_loss=0.3311 val_top1=94.05% val_top5=99.73% macroF1=0.9408 | lr_bb=3.25e-05 lr_head=5.68e-04 | gnorm=1.67 | 6.7s | best=0.9421(ep15) | no_improve=4
outputs/logs/train_opt_abl_b_20260913_155320.log,54,[Epoch 020/039] train_loss=0.7926 train_acc1=98.37% | val_loss=0.3394 val_top1=93.92% val_top5=99.73% macroF1=0.9390 | lr_bb=3.08e-05 lr_head=5.26e-04 | gnorm=1.72 | 6.9s | best=0.9421(ep15) | no_improve=5
outputs/logs/train_opt_abl_b_20260913_155320.log,56,[Epoch 021/039] train_loss=0.7883 train_acc1=98.68% | val_loss=0.3221 val_top1=93.92% val_top5=99.59% macroF1=0.9394 | lr_bb=2.92e-05 lr_head=4.84e-04 | gnorm=1.66 | 6.7s | best=0.9421(ep15) | no_improve=6
outputs/logs/train_opt_abl_b_20260913_155320.log,58,[Epoch 022/039] train_loss=0.7832 train_acc1=98.99% | val_loss=0.3351 val_top1=93.92% val_top5=99.59% macroF1=0.9391 | lr_bb=2.75e-05 lr_head=4.42e-04 | gnorm=1.48 | 6.9s | best=0.9421(ep15) | no_improve=7
outputs/logs/train_opt_abl_b_20260913_155320.log,60,[Epoch 023/039] train_loss=0.7801 train_acc1=98.78% | val_loss=0.3351 val_top1=94.19% val_top5=99.73% macroF1=0.9417 | lr_bb=2.58e-05 lr_head=4.01e-04 | gnorm=1.69 | 6.6s | best=0.9421(ep15) | no_improve=8
outputs/logs/train_opt_abl_b_20260913_155320.log,62,[Epoch 024/039] train_loss=0.7766 train_acc1=98.65% | val_loss=0.3434 val_top1=93.51% val_top5=99.32% macroF1=0.9354 | lr_bb=2.41e-05 lr_head=3.60e-04 | gnorm=1.61 | 7.2s | best=0.9421(ep15) | no_improve=9
outputs/logs/train_opt_abl_b_20260913_155320.log,64,[Epoch 025/039] train_loss=0.7753 train_acc1=98.61% | val_loss=0.3417 val_top1=94.05% val_top5=99.59% macroF1=0.9406 | lr_bb=2.25e-05 lr_head=3.20e-04 | gnorm=1.46 | 7.4s | best=0.9421(ep15) | no_improve=10
outputs/logs/train_opt_abl_b_20260913_155320.log,66,[Epoch 026/039] train_loss=0.7683 train_acc1=98.92% | val_loss=0.3344 val_top1=93.92% val_top5=99.59% macroF1=0.9392 | lr_bb=2.10e-05 lr_head=2.82e-04 | gnorm=1.54 | 6.8s | best=0.9421(ep15) | no_improve=11
outputs/logs/train_opt_abl_b_20260913_155320.log,68,[Epoch 027/039] train_loss=0.7762 train_acc1=98.65% | val_loss=0.3333 val_top1=93.51% val_top5=99.46% macroF1=0.9353 | lr_bb=1.95e-05 lr_head=2.45e-04 | gnorm=1.63 | 6.8s | best=0.9421(ep15) | no_improve=12
outputs/logs/train_opt_abl_b_20260913_155320.log,70,[Epoch 028/039] train_loss=0.7706 train_acc1=98.61% | val_loss=0.3380 val_top1=93.92% val_top5=99.46% macroF1=0.9394 | lr_bb=1.81e-05 lr_head=2.11e-04 | gnorm=1.66 | 6.8s | best=0.9421(ep15) | no_improve=13
outputs/logs/train_opt_abl_b_20260913_155320.log,72,[Epoch 029/039] train_loss=0.7683 train_acc1=99.13% | val_loss=0.3368 val_top1=93.78% val_top5=99.59% macroF1=0.9381 | lr_bb=1.68e-05 lr_head=1.78e-04 | gnorm=1.51 | 7.4s | best=0.9421(ep15) | no_improve=14
outputs/logs/train_opt_abl_b_20260913_155320.log,74,[Epoch 030/039] train_loss=0.7657 train_acc1=99.13% | val_loss=0.3363 val_top1=93.92% val_top5=99.59% macroF1=0.9392 | lr_bb=1.56e-05 lr_head=1.48e-04 | gnorm=1.31 | 6.8s | best=0.9421(ep15) | no_improve=15
outputs/logs/train_opt_abl_b_20260913_155320.log,76,[Epoch 031/039] train_loss=0.7641 train_acc1=99.17% | val_loss=0.3282 val_top1=94.19% val_top5=99.59% macroF1=0.9420 | lr_bb=1.44e-05 lr_head=1.20e-04 | gnorm=1.39 | 7.3s | best=0.9421(ep15) | no_improve=16
outputs/logs/train_opt_abl_b_20260913_155320.log,78,[Epoch 032/039] train_loss=0.7613 train_acc1=99.10% | val_loss=0.3351 val_top1=94.19% val_top5=99.46% macroF1=0.9419 | lr_bb=1.34e-05 lr_head=9.49e-05 | gnorm=1.34 | 6.9s | best=0.9421(ep15) | no_improve=17
outputs/logs/train_opt_abl_b_20260913_155320.log,80,[Epoch 033/039] train_loss=0.7656 train_acc1=98.89% | val_loss=0.3328 val_top1=93.78% val_top5=99.46% macroF1=0.9379 | lr_bb=1.25e-05 lr_head=7.29e-05 | gnorm=1.37 | 6.8s | best=0.9421(ep15) | no_improve=18
outputs/logs/train_opt_abl_b_20260913_155320.log,82,[Epoch 034/039] train_loss=0.7655 train_acc1=99.10% | val_loss=0.3421 val_top1=93.78% val_top5=99.59% macroF1=0.9381 | lr_bb=1.18e-05 lr_head=5.39e-05 | gnorm=1.47 | 7.3s | best=0.9421(ep15) | no_improve=19
outputs/logs/train_opt_abl_b_20260913_155320.log,84,[Epoch 035/039] train_loss=0.7602 train_acc1=99.20% | val_loss=0.3426 val_top1=94.05% val_top5=99.46% macroF1=0.9407 | lr_bb=1.11e-05 lr_head=3.83e-05 | gnorm=1.33 | 7.0s | best=0.9421(ep15) | no_improve=20
outputs/logs/train_opt_abl_b_20260913_155320.log,86,[Epoch 036/039] train_loss=0.7604 train_acc1=99.10% | val_loss=0.3486 val_top1=93.92% val_top5=99.46% macroF1=0.9393 | lr_bb=1.06e-05 lr_head=2.60e-05 | gnorm=1.35 | 7.0s | best=0.9421(ep15) | no_improve=21
outputs/logs/train_opt_abl_b_20260913_155320.log,88,[Epoch 037/039] train_loss=0.7560 train_acc1=99.27% | val_loss=0.3446 val_top1=93.65% val_top5=99.59% macroF1=0.9366 | lr_bb=1.03e-05 lr_head=1.71e-05 | gnorm=1.24 | 7.1s | best=0.9421(ep15) | no_improve=22
outputs/logs/train_opt_abl_b_20260913_155320.log,90,[Epoch 038/039] train_loss=0.7580 train_acc1=99.03% | val_loss=0.3428 val_top1=93.78% val_top5=99.59% macroF1=0.9378 | lr_bb=1.01e-05 lr_head=1.18e-05 | gnorm=1.37 | 6.5s | best=0.9421(ep15) | no_improve=23
outputs/logs/train_opt_abl_b_20260913_155320.log,92,[Epoch 039/039] train_loss=0.7611 train_acc1=99.03% | val_loss=0.3491 val_top1=93.51% val_top5=99.59% macroF1=0.9353 | lr_bb=1.00e-05 lr_head=1.00e-05 | gnorm=1.43 | 6.6s | best=0.9421(ep15) | no_improve=24
outputs/logs/train_opt_abl_b_20260913_162529.log,10,[optim] group=backbone_decay     n_params=126  lr=5.000e-05 wd=0.05
outputs/logs/train_opt_abl_b_20260913_162529.log,11,[optim] group=backbone_no_decay  n_params=255  lr=5.000e-05 wd=0.0
outputs/logs/train_opt_abl_b_20260913_162529.log,15,[Epoch 000/039] train_loss=3.6507 train_acc1=1.77% | val_loss=3.6490 val_top1=1.62% val_top5=11.62% macroF1=0.0164 | lr_bb=1.70e-05 lr_head=3.40e-04 | gnorm=2.04 | 52.3s | best=0.0164(ep0) | no_improve=0
outputs/logs/train_opt_abl_b_20260913_162529.log,17,[Epoch 001/039] train_loss=3.3677 train_acc1=27.57% | val_loss=2.9493 val_top1=63.78% val_top5=90.14% macroF1=0.6247 | lr_bb=3.35e-05 lr_head=6.70e-04 | gnorm=1.99 | 5.9s | best=0.6247(ep1) | no_improve=0
outputs/logs/train_opt_abl_b_20260913_162529.log,19,[Epoch 002/039] train_loss=2.5670 train_acc1=70.76% | val_loss=1.6280 val_top1=82.30% val_top5=99.59% macroF1=0.8142 | lr_bb=5.00e-05 lr_head=1.00e-03 | gnorm=2.26 | 5.9s | best=0.8142(ep2) | no_improve=0
outputs/logs/train_opt_abl_b_20260913_162529.log,21,[Epoch 003/039] train_loss=1.5944 train_acc1=83.51% | val_loss=0.6568 val_top1=89.05% val_top5=99.86% macroF1=0.8893 | lr_bb=4.99e-05 lr_head=9.98e-04 | gnorm=2.43 | 6.6s | best=0.8893(ep3) | no_improve=0
outputs/logs/train_opt_abl_b_20260913_162529.log,23,[Epoch 004/039] train_loss=1.1697 train_acc1=88.12% | val_loss=0.4563 val_top1=90.95% val_top5=99.86% macroF1=0.9088 | lr_bb=4.97e-05 lr_head=9.93e-04 | gnorm=2.35 | 7.0s | best=0.9088(ep4) | no_improve=0
outputs/logs/train_opt_abl_b_20260913_162529.log,25,[Epoch 005/039] train_loss=1.0301 train_acc1=91.32% | val_loss=0.3874 val_top1=91.49% val_top5=99.86% macroF1=0.9143 | lr_bb=4.94e-05 lr_head=9.84e-04 | gnorm=2.29 | 6.6s | best=0.9143(ep5) | no_improve=0
outputs/logs/train_opt_abl_b_20260913_162529.log,27,[Epoch 006/039] train_loss=0.9767 train_acc1=92.74% | val_loss=0.3593 val_top1=92.43% val_top5=99.86% macroF1=0.9242 | lr_bb=4.89e-05 lr_head=9.72e-04 | gnorm=2.40 | 6.0s | best=0.9242(ep6) | no_improve=0
outputs/logs/train_opt_abl_b_20260913_162529.log,29,[Epoch 007/039] train_loss=0.9433 train_acc1=93.58% | val_loss=0.3552 val_top1=91.76% val_top5=99.86% macroF1=0.9170 | lr_bb=4.82e-05 lr_head=9.56e-04 | gnorm=2.22 | 5.9s | best=0.9242(ep6) | no_improve=1
outputs/logs/train_opt_abl_b_20260913_162529.log,31,[Epoch 008/039] train_loss=0.9054 train_acc1=94.90% | val_loss=0.3379 val_top1=92.57% val_top5=99.86% macroF1=0.9251 | lr_bb=4.75e-05 lr_head=9.37e-04 | gnorm=2.18 | 6.0s | best=0.9251(ep8) | no_improve=0
outputs/logs/train_opt_abl_b_20260913_162529.log,33,[Epoch 009/039] train_loss=0.8905 train_acc1=95.35% | val_loss=0.3447 val_top1=92.84% val_top5=99.86% macroF1=0.9281 | lr_bb=4.66e-05 lr_head=9.15e-04 | gnorm=2.03 | 5.9s | best=0.9281(ep9) | no_improve=0
outputs/logs/train_opt_abl_b_20260913_162529.log,35,[Epoch 010/039] train_loss=0.8698 train_acc1=96.11% | val_loss=0.3358 val_top1=92.84% val_top5=99.86% macroF1=0.9280 | lr_bb=4.56e-05 lr_head=8.90e-04 | gnorm=1.98 | 6.0s | best=0.9281(ep9) | no_improve=1
outputs/logs/train_opt_abl_b_20260913_162529.log,37,[Epoch 011/039] train_loss=0.8506 train_acc1=96.60% | val_loss=0.3436 val_top1=93.51% val_top5=99.86% macroF1=0.9351 | lr_bb=4.44e-05 lr_head=8.62e-04 | gnorm=1.93 | 5.9s | best=0.9351(ep11) | no_improve=0
outputs/logs/train_opt_abl_b_20260913_162529.log,39,[Epoch 012/039] train_loss=0.8419 train_acc1=97.12% | val_loss=0.3357 val_top1=93.65% val_top5=99.86% macroF1=0.9368 | lr_bb=4.32e-05 lr_head=8.32e-04 | gnorm=1.96 | 6.0s | best=0.9368(ep12) | no_improve=0
outputs/logs/train_opt_abl_b_20260913_162529.log,41,[Epoch 013/039] train_loss=0.8257 train_acc1=97.85% | val_loss=0.3321 val_top1=93.51% val_top5=99.86% macroF1=0.9351 | lr_bb=4.19e-05 lr_head=7.99e-04 | gnorm=1.80 | 5.8s | best=0.9368(ep12) | no_improve=1
outputs/logs/train_opt_abl_b_20260913_162529.log,43,[Epoch 014/039] train_loss=0.8244 train_acc1=97.78% | val_loss=0.3314 val_top1=93.65% val_top5=99.86% macroF1=0.9367 | lr_bb=4.05e-05 lr_head=7.65e-04 | gnorm=1.81 | 6.1s | best=0.9368(ep12) | no_improve=2
outputs/logs/train_opt_abl_b_20260913_162529.log,45,[Epoch 015/039] train_loss=0.8193 train_acc1=97.71% | val_loss=0.3351 val_top1=94.19% val_top5=99.86% macroF1=0.9420 | lr_bb=3.90e-05 lr_head=7.28e-04 | gnorm=1.71 | 6.0s | best=0.9420(ep15) | no_improve=0
outputs/logs/train_opt_abl_b_20260913_162529.log,47,[Epoch 016/039] train_loss=0.8106 train_acc1=98.19% | val_loss=0.3344 val_top1=93.92% val_top5=99.73% macroF1=0.9392 | lr_bb=3.75e-05 lr_head=6.90e-04 | gnorm=1.74 | 5.9s | best=0.9420(ep15) | no_improve=1
outputs/logs/train_opt_abl_b_20260913_162529.log,49,[Epoch 017/039] train_loss=0.8035 train_acc1=98.19% | val_loss=0.3351 val_top1=93.92% val_top5=99.73% macroF1=0.9393 | lr_bb=3.59e-05 lr_head=6.50e-04 | gnorm=1.70 | 6.1s | best=0.9420(ep15) | no_improve=2
outputs/logs/train_opt_abl_b_20260913_162529.log,51,[Epoch 018/039] train_loss=0.7946 train_acc1=98.54% | val_loss=0.3304 val_top1=93.92% val_top5=99.59% macroF1=0.9393 | lr_bb=3.42e-05 lr_head=6.09e-04 | gnorm=1.58 | 6.0s | best=0.9420(ep15) | no_improve=3
outputs/logs/train_opt_abl_b_20260913_162529.log,53,[Epoch 019/039] train_loss=0.7886 train_acc1=98.82% | val_loss=0.3330 val_top1=94.05% val_top5=99.73% macroF1=0.9407 | lr_bb=3.25e-05 lr_head=5.68e-04 | gnorm=1.59 | 6.2s | best=0.9420(ep15) | no_improve=4
outputs/logs/train_opt_abl_b_20260913_162529.log,55,[Epoch 020/039] train_loss=0.7916 train_acc1=98.40% | val_loss=0.3458 val_top1=94.05% val_top5=99.73% macroF1=0.9404 | lr_bb=3.08e-05 lr_head=5.26e-04 | gnorm=1.65 | 6.0s | best=0.9420(ep15) | no_improve=5
outputs/logs/train_opt_abl_b_20260913_162529.log,57,[Epoch 021/039] train_loss=0.7876 train_acc1=98.61% | val_loss=0.3285 val_top1=93.65% val_top5=99.73% macroF1=0.9367 | lr_bb=2.92e-05 lr_head=4.84e-04 | gnorm=1.60 | 6.0s | best=0.9420(ep15) | no_improve=6
outputs/logs/train_opt_abl_b_20260913_162529.log,59,[Epoch 022/039] train_loss=0.7826 train_acc1=98.85% | val_loss=0.3411 val_top1=93.78% val_top5=99.59% macroF1=0.9378 | lr_bb=2.75e-05 lr_head=4.42e-04 | gnorm=1.45 | 5.9s | best=0.9420(ep15) | no_improve=7
outputs/logs/train_opt_abl_b_20260913_162529.log,61,[Epoch 023/039] train_loss=0.7794 train_acc1=98.78% | val_loss=0.3435 val_top1=93.92% val_top5=99.73% macroF1=0.9389 | lr_bb=2.58e-05 lr_head=4.01e-04 | gnorm=1.60 | 5.9s | best=0.9420(ep15) | no_improve=8
outputs/logs/train_opt_abl_b_20260913_162529.log,63,[Epoch 024/039] train_loss=0.7762 train_acc1=98.75% | val_loss=0.3460 val_top1=93.51% val_top5=99.46% macroF1=0.9353 | lr_bb=2.41e-05 lr_head=3.60e-04 | gnorm=1.53 | 5.9s | best=0.9420(ep15) | no_improve=9
outputs/logs/train_opt_abl_b_20260913_162529.log,65,[Epoch 025/039] train_loss=0.7745 train_acc1=98.85% | val_loss=0.3491 val_top1=94.05% val_top5=99.73% macroF1=0.9407 | lr_bb=2.25e-05 lr_head=3.20e-04 | gnorm=1.41 | 6.0s | best=0.9420(ep15) | no_improve=10
outputs/logs/train_opt_abl_b_20260913_162529.log,67,[Epoch 026/039] train_loss=0.7677 train_acc1=98.96% | val_loss=0.3416 val_top1=93.92% val_top5=99.59% macroF1=0.9392 | lr_bb=2.10e-05 lr_head=2.82e-04 | gnorm=1.47 | 6.0s | best=0.9420(ep15) | no_improve=11
outputs/logs/train_opt_abl_b_20260913_162529.log,69,[Epoch 027/039] train_loss=0.7759 train_acc1=98.51% | val_loss=0.3391 val_top1=93.51% val_top5=99.46% macroF1=0.9352 | lr_bb=1.95e-05 lr_head=2.45e-04 | gnorm=1.60 | 5.9s | best=0.9420(ep15) | no_improve=12
outputs/logs/train_opt_abl_b_20260913_162529.log,71,[Epoch 028/039] train_loss=0.7707 train_acc1=98.68% | val_loss=0.3406 val_top1=93.92% val_top5=99.46% macroF1=0.9393 | lr_bb=1.81e-05 lr_head=2.11e-04 | gnorm=1.51 | 5.9s | best=0.9420(ep15) | no_improve=13
outputs/logs/train_opt_abl_b_20260913_162529.log,73,[Epoch 029/039] train_loss=0.7680 train_acc1=99.06% | val_loss=0.3416 val_top1=93.65% val_top5=99.59% macroF1=0.9366 | lr_bb=1.68e-05 lr_head=1.78e-04 | gnorm=1.42 | 6.1s | best=0.9420(ep15) | no_improve=14
outputs/logs/train_opt_abl_b_20260913_162529.log,75,[Epoch 030/039] train_loss=0.7657 train_acc1=99.17% | val_loss=0.3391 val_top1=94.05% val_top5=99.46% macroF1=0.9405 | lr_bb=1.56e-05 lr_head=1.48e-04 | gnorm=1.29 | 6.0s | best=0.9420(ep15) | no_improve=15
outputs/logs/train_opt_abl_b_20260913_162529.log,77,[Epoch 031/039] train_loss=0.7636 train_acc1=99.20% | val_loss=0.3337 val_top1=93.92% val_top5=99.59% macroF1=0.9393 | lr_bb=1.44e-05 lr_head=1.20e-04 | gnorm=1.38 | 5.9s | best=0.9420(ep15) | no_improve=16
outputs/logs/train_opt_abl_b_20260913_162529.log,79,[Epoch 032/039] train_loss=0.7609 train_acc1=99.13% | val_loss=0.3385 val_top1=94.32% val_top5=99.46% macroF1=0.9433 | lr_bb=1.34e-05 lr_head=9.49e-05 | gnorm=1.30 | 6.1s | best=0.9433(ep32) | no_improve=0
outputs/logs/train_opt_abl_b_20260913_162529.log,81,[Epoch 033/039] train_loss=0.7649 train_acc1=98.92% | val_loss=0.3357 val_top1=93.78% val_top5=99.46% macroF1=0.9379 | lr_bb=1.25e-05 lr_head=7.29e-05 | gnorm=1.34 | 6.1s | best=0.9433(ep32) | no_improve=1
outputs/logs/train_opt_abl_b_20260913_162529.log,83,[Epoch 034/039] train_loss=0.7653 train_acc1=99.13% | val_loss=0.3418 val_top1=93.92% val_top5=99.59% macroF1=0.9393 | lr_bb=1.18e-05 lr_head=5.39e-05 | gnorm=1.44 | 5.9s | best=0.9433(ep32) | no_improve=2
outputs/logs/train_opt_abl_b_20260913_162529.log,85,[Epoch 035/039] train_loss=0.7600 train_acc1=99.20% | val_loss=0.3412 val_top1=93.65% val_top5=99.46% macroF1=0.9367 | lr_bb=1.11e-05 lr_head=3.83e-05 | gnorm=1.32 | 5.9s | best=0.9433(ep32) | no_improve=3
outputs/logs/train_opt_abl_b_20260913_162529.log,87,[Epoch 036/039] train_loss=0.7596 train_acc1=99.13% | val_loss=0.3473 val_top1=93.92% val_top5=99.46% macroF1=0.9393 | lr_bb=1.06e-05 lr_head=2.60e-05 | gnorm=1.33 | 6.0s | best=0.9433(ep32) | no_improve=4
outputs/logs/train_opt_abl_b_20260913_162529.log,89,[Epoch 037/039] train_loss=0.7556 train_acc1=99.27% | val_loss=0.3420 val_top1=93.65% val_top5=99.59% macroF1=0.9366 | lr_bb=1.03e-05 lr_head=1.71e-05 | gnorm=1.23 | 6.0s | best=0.9433(ep32) | no_improve=5
outputs/logs/train_opt_abl_b_20260913_162529.log,91,[Epoch 038/039] train_loss=0.7574 train_acc1=99.03% | val_loss=0.3408 val_top1=93.78% val_top5=99.59% macroF1=0.9378 | lr_bb=1.01e-05 lr_head=1.18e-05 | gnorm=1.34 | 6.1s | best=0.9433(ep32) | no_improve=6
outputs/logs/train_opt_abl_b_20260913_162529.log,93,[Epoch 039/039] train_loss=0.7611 train_acc1=98.99% | val_loss=0.3474 val_top1=93.65% val_top5=99.59% macroF1=0.9367 | lr_bb=1.00e-05 lr_head=1.00e-05 | gnorm=1.42 | 6.0s | best=0.9433(ep32) | no_improve=7
outputs/logs/train_opt_combo_20260913_144316.log,11,[optim] group=backbone_decay     n_params=126  lr=5.000e-05 wd=0.05
outputs/logs/train_opt_combo_20260913_144316.log,12,[optim] group=backbone_no_decay  n_params=255  lr=5.000e-05 wd=0.0
outputs/logs/train_opt_combo_20260913_152741.log,10,[optim] group=backbone_decay     n_params=126  lr=5.000e-05 wd=0.05
outputs/logs/train_opt_combo_20260913_152741.log,11,[optim] group=backbone_no_decay  n_params=255  lr=5.000e-05 wd=0.0
outputs/logs/train_opt_combo_20260913_152741.log,15,[Epoch 000/039] train_loss=3.6450 train_acc1=2.71% | val_loss=3.6510 val_top1=1.35% val_top5=12.03% macroF1=0.0138 | lr_bb=1.70e-05 lr_head=3.40e-04 | gnorm=1.77 | 59.4s | best=0.0138(ep0) | no_improve=0
outputs/logs/train_opt_combo_20260913_152741.log,17,[Epoch 001/039] train_loss=3.4663 train_acc1=11.08% | val_loss=3.0947 val_top1=54.86% val_top5=86.89% macroF1=0.5288 | lr_bb=3.35e-05 lr_head=6.70e-04 | gnorm=1.82 | 10.8s | best=0.5288(ep1) | no_improve=0
outputs/logs/train_opt_combo_20260913_152741.log,19,[Epoch 002/039] train_loss=2.9955 train_acc1=33.72% | val_loss=2.0012 val_top1=80.00% val_top5=98.65% macroF1=0.7859 | lr_bb=5.00e-05 lr_head=1.00e-03 | gnorm=1.98 | 11.0s | best=0.7859(ep2) | no_improve=0
outputs/logs/train_opt_combo_20260913_152741.log,21,[Epoch 003/039] train_loss=2.3725 train_acc1=44.10% | val_loss=0.9277 val_top1=88.24% val_top5=99.86% macroF1=0.8787 | lr_bb=4.99e-05 lr_head=9.98e-04 | gnorm=2.30 | 9.9s | best=0.8787(ep3) | no_improve=0
outputs/logs/train_opt_combo_20260913_152741.log,23,[Epoch 004/039] train_loss=1.9502 train_acc1=49.69% | val_loss=0.6520 val_top1=90.68% val_top5=99.86% macroF1=0.9051 | lr_bb=4.97e-05 lr_head=9.93e-04 | gnorm=2.61 | 9.9s | best=0.9051(ep4) | no_improve=0
outputs/logs/train_opt_combo_20260913_152741.log,25,[Epoch 005/039] train_loss=1.9558 train_acc1=46.35% | val_loss=0.5933 val_top1=91.49% val_top5=99.86% macroF1=0.9144 | lr_bb=4.94e-05 lr_head=9.84e-04 | gnorm=2.83 | 10.0s | best=0.9144(ep5) | no_improve=0
outputs/logs/train_opt_combo_20260913_152741.log,27,[Epoch 006/039] train_loss=1.7766 train_acc1=51.60% | val_loss=0.5289 val_top1=92.03% val_top5=99.86% macroF1=0.9196 | lr_bb=4.89e-05 lr_head=9.72e-04 | gnorm=2.82 | 10.6s | best=0.9196(ep6) | no_improve=0
outputs/logs/train_opt_combo_20260913_152741.log,29,[Epoch 007/039] train_loss=1.7098 train_acc1=49.58% | val_loss=0.5317 val_top1=91.49% val_top5=99.73% macroF1=0.9138 | lr_bb=4.82e-05 lr_head=9.56e-04 | gnorm=2.69 | 10.7s | best=0.9196(ep6) | no_improve=1
outputs/logs/train_opt_combo_20260913_152741.log,31,[Epoch 008/039] train_loss=1.8344 train_acc1=59.20% | val_loss=0.5280 val_top1=92.43% val_top5=99.86% macroF1=0.9239 | lr_bb=4.75e-05 lr_head=9.37e-04 | gnorm=3.04 | 10.3s | best=0.9239(ep8) | no_improve=0
outputs/logs/train_opt_combo_20260913_152741.log,33,[Epoch 009/039] train_loss=1.6925 train_acc1=59.90% | val_loss=0.5053 val_top1=92.97% val_top5=99.73% macroF1=0.9293 | lr_bb=4.66e-05 lr_head=9.15e-04 | gnorm=2.93 | 12.8s | best=0.9293(ep9) | no_improve=0
outputs/logs/train_opt_combo_20260913_152741.log,35,[Epoch 010/039] train_loss=1.7806 train_acc1=60.56% | val_loss=0.5040 val_top1=92.16% val_top5=99.86% macroF1=0.9215 | lr_bb=4.56e-05 lr_head=8.90e-04 | gnorm=3.27 | 11.5s | best=0.9293(ep9) | no_improve=1
outputs/logs/train_opt_combo_20260913_152741.log,37,[Epoch 011/039] train_loss=1.6385 train_acc1=51.77% | val_loss=0.5201 val_top1=92.97% val_top5=99.86% macroF1=0.9297 | lr_bb=4.44e-05 lr_head=8.62e-04 | gnorm=2.94 | 12.1s | best=0.9297(ep11) | no_improve=0
outputs/logs/train_opt_combo_20260913_152741.log,39,[Epoch 012/039] train_loss=1.6414 train_acc1=60.35% | val_loss=0.4888 val_top1=93.65% val_top5=99.59% macroF1=0.9367 | lr_bb=4.32e-05 lr_head=8.32e-04 | gnorm=2.92 | 10.8s | best=0.9367(ep12) | no_improve=0
outputs/logs/train_opt_combo_20260913_152741.log,41,[Epoch 013/039] train_loss=1.7111 train_acc1=59.06% | val_loss=0.5076 val_top1=92.70% val_top5=99.59% macroF1=0.9271 | lr_bb=4.19e-05 lr_head=7.99e-04 | gnorm=2.85 | 11.3s | best=0.9367(ep12) | no_improve=1
outputs/logs/train_opt_combo_20260913_152741.log,43,[Epoch 014/039] train_loss=1.6261 train_acc1=51.67% | val_loss=0.4705 val_top1=92.57% val_top5=99.86% macroF1=0.9255 | lr_bb=4.05e-05 lr_head=7.65e-04 | gnorm=2.95 | 11.7s | best=0.9367(ep12) | no_improve=2
outputs/logs/train_opt_combo_20260913_152741.log,45,[Epoch 015/039] train_loss=1.5435 train_acc1=62.40% | val_loss=0.4701 val_top1=93.24% val_top5=99.86% macroF1=0.9322 | lr_bb=3.90e-05 lr_head=7.28e-04 | gnorm=2.93 | 11.2s | best=0.9367(ep12) | no_improve=3
outputs/logs/train_opt_combo_20260913_152741.log,47,[Epoch 016/039] train_loss=1.5548 train_acc1=47.29% | val_loss=0.4465 val_top1=94.19% val_top5=99.86% macroF1=0.9420 | lr_bb=3.75e-05 lr_head=6.90e-04 | gnorm=2.69 | 12.8s | best=0.9420(ep16) | no_improve=0
outputs/logs/train_opt_combo_20260913_152741.log,49,[Epoch 017/039] train_loss=1.5009 train_acc1=54.03% | val_loss=0.4196 val_top1=93.65% val_top5=99.73% macroF1=0.9365 | lr_bb=3.59e-05 lr_head=6.50e-04 | gnorm=2.89 | 11.8s | best=0.9420(ep16) | no_improve=1
outputs/logs/train_opt_combo_20260913_152741.log,51,[Epoch 018/039] train_loss=1.5341 train_acc1=52.67% | val_loss=0.4751 val_top1=93.38% val_top5=99.86% macroF1=0.9338 | lr_bb=3.42e-05 lr_head=6.09e-04 | gnorm=3.04 | 12.6s | best=0.9420(ep16) | no_improve=2
outputs/logs/train_opt_combo_20260913_152741.log,53,[Epoch 019/039] train_loss=1.6950 train_acc1=48.72% | val_loss=0.4672 val_top1=94.46% val_top5=99.73% macroF1=0.9449 | lr_bb=3.25e-05 lr_head=5.68e-04 | gnorm=3.09 | 12.2s | best=0.9449(ep19) | no_improve=0
outputs/logs/train_opt_combo_20260913_152741.log,55,[Epoch 020/039] train_loss=1.6827 train_acc1=62.05% | val_loss=0.5437 val_top1=94.73% val_top5=99.59% macroF1=0.9474 | lr_bb=3.08e-05 lr_head=5.26e-04 | gnorm=3.11 | 12.9s | best=0.9474(ep20) | no_improve=0
outputs/logs/train_opt_combo_20260913_152741.log,57,[Epoch 021/039] train_loss=1.6000 train_acc1=58.82% | val_loss=0.4802 val_top1=94.32% val_top5=99.73% macroF1=0.9435 | lr_bb=2.92e-05 lr_head=4.84e-04 | gnorm=3.24 | 12.5s | best=0.9474(ep20) | no_improve=1
outputs/logs/train_opt_combo_20260913_152741.log,59,[Epoch 022/039] train_loss=1.5762 train_acc1=55.90% | val_loss=0.4204 val_top1=94.19% val_top5=99.86% macroF1=0.9421 | lr_bb=2.75e-05 lr_head=4.42e-04 | gnorm=2.96 | 12.5s | best=0.9474(ep20) | no_improve=2
outputs/logs/train_opt_combo_20260913_152741.log,61,[Epoch 023/039] train_loss=1.4899 train_acc1=51.84% | val_loss=0.4724 val_top1=94.46% val_top5=99.86% macroF1=0.9447 | lr_bb=2.58e-05 lr_head=4.01e-04 | gnorm=2.82 | 17.7s | best=0.9474(ep20) | no_improve=3
outputs/logs/train_opt_combo_20260913_152741.log,63,[Epoch 024/039] train_loss=1.5528 train_acc1=51.88% | val_loss=0.4636 val_top1=93.78% val_top5=99.73% macroF1=0.9381 | lr_bb=2.41e-05 lr_head=3.60e-04 | gnorm=2.90 | 11.3s | best=0.9474(ep20) | no_improve=4
outputs/logs/train_opt_combo_20260913_152741.log,65,[Epoch 025/039] train_loss=1.5534 train_acc1=55.03% | val_loss=0.4767 val_top1=94.05% val_top5=99.86% macroF1=0.9408 | lr_bb=2.25e-05 lr_head=3.20e-04 | gnorm=2.95 | 11.8s | best=0.9474(ep20) | no_improve=5
outputs/logs/train_opt_combo_20260913_152741.log,67,[Epoch 026/039] train_loss=1.5559 train_acc1=56.18% | val_loss=0.4696 val_top1=93.92% val_top5=99.73% macroF1=0.9393 | lr_bb=2.10e-05 lr_head=2.82e-04 | gnorm=2.99 | 12.0s | best=0.9474(ep20) | no_improve=6
outputs/logs/train_opt_combo_20260913_152741.log,69,[Epoch 027/039] train_loss=1.7002 train_acc1=60.21% | val_loss=0.4916 val_top1=94.19% val_top5=99.86% macroF1=0.9420 | lr_bb=1.95e-05 lr_head=2.45e-04 | gnorm=3.09 | 12.3s | best=0.9474(ep20) | no_improve=7
outputs/logs/train_opt_combo_20260913_152741.log,71,[Epoch 028/039] train_loss=1.5484 train_acc1=49.06% | val_loss=0.4432 val_top1=94.05% val_top5=99.73% macroF1=0.9407 | lr_bb=1.81e-05 lr_head=2.11e-04 | gnorm=2.88 | 12.5s | best=0.9474(ep20) | no_improve=8
outputs/logs/train_opt_combo_20260913_152741.log,73,[Epoch 029/039] train_loss=1.5153 train_acc1=56.56% | val_loss=0.4775 val_top1=94.59% val_top5=99.73% macroF1=0.9461 | lr_bb=1.68e-05 lr_head=1.78e-04 | gnorm=2.90 | 11.8s | best=0.9474(ep20) | no_improve=9
outputs/logs/train_opt_combo_20260913_152741.log,75,[Epoch 030/039] train_loss=1.6061 train_acc1=57.57% | val_loss=0.4557 val_top1=94.46% val_top5=99.86% macroF1=0.9447 | lr_bb=1.56e-05 lr_head=1.48e-04 | gnorm=2.86 | 12.2s | best=0.9474(ep20) | no_improve=10
outputs/logs/train_opt_combo_20260913_152741.log,77,[Epoch 031/039] train_loss=1.6080 train_acc1=65.10% | val_loss=0.4673 val_top1=94.59% val_top5=99.73% macroF1=0.9460 | lr_bb=1.44e-05 lr_head=1.20e-04 | gnorm=2.73 | 12.1s | best=0.9474(ep20) | no_improve=11
outputs/logs/train_opt_combo_20260913_152741.log,79,[Epoch 032/039] train_loss=1.4429 train_acc1=57.60% | val_loss=0.4135 val_top1=94.59% val_top5=99.73% macroF1=0.9463 | lr_bb=1.34e-05 lr_head=9.49e-05 | gnorm=2.53 | 12.3s | best=0.9474(ep20) | no_improve=12
outputs/logs/train_opt_combo_20260913_152741.log,81,[Epoch 033/039] train_loss=1.4209 train_acc1=56.18% | val_loss=0.4027 val_top1=93.92% val_top5=99.73% macroF1=0.9393 | lr_bb=1.25e-05 lr_head=7.29e-05 | gnorm=2.59 | 12.7s | best=0.9474(ep20) | no_improve=13
outputs/logs/train_opt_combo_20260913_152741.log,83,[Epoch 034/039] train_loss=1.5546 train_acc1=60.10% | val_loss=0.4161 val_top1=94.46% val_top5=99.73% macroF1=0.9447 | lr_bb=1.18e-05 lr_head=5.39e-05 | gnorm=2.93 | 11.7s | best=0.9474(ep20) | no_improve=14
outputs/logs/train_opt_combo_20260913_152741.log,85,[Epoch 035/039] train_loss=1.4139 train_acc1=64.34% | val_loss=0.4179 val_top1=94.59% val_top5=99.86% macroF1=0.9459 | lr_bb=1.11e-05 lr_head=3.83e-05 | gnorm=2.74 | 12.7s | best=0.9474(ep20) | no_improve=15
outputs/logs/train_opt_combo_20260913_152741.log,87,[Epoch 036/039] train_loss=1.4847 train_acc1=61.91% | val_loss=0.4518 val_top1=95.00% val_top5=99.86% macroF1=0.9502 | lr_bb=1.06e-05 lr_head=2.60e-05 | gnorm=2.58 | 13.0s | best=0.9502(ep36) | no_improve=0
outputs/logs/train_opt_combo_20260913_152741.log,89,[Epoch 037/039] train_loss=1.3824 train_acc1=50.00% | val_loss=0.4007 val_top1=94.46% val_top5=99.86% macroF1=0.9447 | lr_bb=1.03e-05 lr_head=1.71e-05 | gnorm=2.45 | 12.5s | best=0.9502(ep36) | no_improve=1
outputs/logs/train_opt_combo_20260913_152741.log,91,[Epoch 038/039] train_loss=1.4920 train_acc1=54.34% | val_loss=0.4166 val_top1=94.73% val_top5=99.86% macroF1=0.9474 | lr_bb=1.01e-05 lr_head=1.18e-05 | gnorm=2.70 | 12.7s | best=0.9502(ep36) | no_improve=2
outputs/logs/train_opt_combo_20260913_152741.log,93,[Epoch 039/039] train_loss=1.5294 train_acc1=59.24% | val_loss=0.4500 val_top1=95.00% val_top5=99.73% macroF1=0.9502 | lr_bb=1.00e-05 lr_head=1.00e-05 | gnorm=2.62 | 12.7s | best=0.9502(ep36) | no_improve=3
outputs/logs/train_opt_combo_20260913_154513.log,65,[optim] group=backbone_decay     n_params=126  lr=5.000e-05 wd=0.05
outputs/logs/train_opt_combo_20260913_154513.log,66,[optim] group=backbone_no_decay  n_params=255  lr=5.000e-05 wd=0.0
outputs/logs/train_opt_combo_20260913_154726.log,10,[optim] group=backbone_decay     n_params=126  lr=5.000e-05 wd=0.05
outputs/logs/train_opt_combo_20260913_154726.log,11,[optim] group=backbone_no_decay  n_params=255  lr=5.000e-05 wd=0.0
outputs/logs/train_opt_combo_20260913_154726.log,15,[Epoch 000/039] train_loss=3.6450 train_acc1=2.67% | val_loss=3.6510 val_top1=1.35% val_top5=12.03% macroF1=0.0138 | lr_bb=1.70e-05 lr_head=3.40e-04 | gnorm=1.76 | 130.6s | best=0.0138(ep0) | no_improve=0
outputs/logs/train_opt_combo_20260913_160716.log,9,[optim] group=backbone_decay     n_params=126  lr=5.000e-05 wd=0.05
outputs/logs/train_opt_combo_20260913_160716.log,10,[optim] group=backbone_no_decay  n_params=255  lr=5.000e-05 wd=0.0
outputs/logs/train_opt_combo_20260913_160716.log,14,[Epoch 000/039] train_loss=3.6448 train_acc1=2.57% | val_loss=3.6510 val_top1=1.35% val_top5=12.03% macroF1=0.0138 | lr_bb=1.70e-05 lr_head=3.40e-04 | gnorm=1.77 | 111.1s | best=0.0138(ep0) | no_improve=0
outputs/logs/train_opt_combo_20260913_160716.log,16,[Epoch 001/039] train_loss=3.4656 train_acc1=10.90% | val_loss=3.0938 val_top1=55.14% val_top5=86.89% macroF1=0.5303 | lr_bb=3.35e-05 lr_head=6.70e-04 | gnorm=1.82 | 7.9s | best=0.5303(ep1) | no_improve=0
outputs/logs/train_opt_combo_20260913_160716.log,18,[Epoch 002/039] train_loss=2.9973 train_acc1=33.99% | val_loss=2.0143 val_top1=79.86% val_top5=97.84% macroF1=0.7836 | lr_bb=5.00e-05 lr_head=1.00e-03 | gnorm=2.00 | 7.9s | best=0.7836(ep2) | no_improve=0
outputs/logs/train_opt_combo_20260913_160716.log,20,[Epoch 003/039] train_loss=2.3755 train_acc1=43.99% | val_loss=0.9294 val_top1=88.11% val_top5=99.86% macroF1=0.8772 | lr_bb=4.99e-05 lr_head=9.98e-04 | gnorm=2.27 | 7.8s | best=0.8772(ep3) | no_improve=0
outputs/logs/train_opt_combo_20260913_160716.log,22,[Epoch 004/039] train_loss=1.9509 train_acc1=49.55% | val_loss=0.6531 val_top1=90.81% val_top5=99.86% macroF1=0.9066 | lr_bb=4.97e-05 lr_head=9.93e-04 | gnorm=2.60 | 7.9s | best=0.9066(ep4) | no_improve=0
outputs/logs/train_opt_combo_20260913_160716.log,24,[Epoch 005/039] train_loss=1.9556 train_acc1=46.28% | val_loss=0.5913 val_top1=91.49% val_top5=99.86% macroF1=0.9144 | lr_bb=4.94e-05 lr_head=9.84e-04 | gnorm=2.79 | 7.7s | best=0.9144(ep5) | no_improve=0
outputs/logs/train_opt_combo_20260913_160716.log,26,[Epoch 006/039] train_loss=1.7754 train_acc1=51.77% | val_loss=0.5207 val_top1=92.03% val_top5=99.86% macroF1=0.9196 | lr_bb=4.89e-05 lr_head=9.72e-04 | gnorm=2.87 | 8.0s | best=0.9196(ep6) | no_improve=0
outputs/logs/train_opt_combo_20260913_160716.log,28,[Epoch 007/039] train_loss=1.7097 train_acc1=49.51% | val_loss=0.5261 val_top1=92.03% val_top5=99.73% macroF1=0.9193 | lr_bb=4.82e-05 lr_head=9.56e-04 | gnorm=2.71 | 7.8s | best=0.9196(ep6) | no_improve=1
outputs/logs/train_opt_combo_20260913_160716.log,30,[Epoch 008/039] train_loss=1.8339 train_acc1=59.03% | val_loss=0.5235 val_top1=92.57% val_top5=99.73% macroF1=0.9252 | lr_bb=4.75e-05 lr_head=9.37e-04 | gnorm=3.04 | 7.8s | best=0.9252(ep8) | no_improve=0
outputs/logs/train_opt_combo_20260913_160716.log,32,[Epoch 009/039] train_loss=1.6919 train_acc1=59.90% | val_loss=0.5051 val_top1=93.11% val_top5=99.73% macroF1=0.9308 | lr_bb=4.66e-05 lr_head=9.15e-04 | gnorm=2.81 | 7.9s | best=0.9308(ep9) | no_improve=0
outputs/logs/train_opt_combo_20260913_160716.log,34,[Epoch 010/039] train_loss=1.7801 train_acc1=60.28% | val_loss=0.4984 val_top1=92.30% val_top5=99.86% macroF1=0.9229 | lr_bb=4.56e-05 lr_head=8.90e-04 | gnorm=3.21 | 7.9s | best=0.9308(ep9) | no_improve=1
outputs/logs/train_opt_combo_20260913_160716.log,36,[Epoch 011/039] train_loss=1.6376 train_acc1=51.94% | val_loss=0.5163 val_top1=92.97% val_top5=99.86% macroF1=0.9299 | lr_bb=4.44e-05 lr_head=8.62e-04 | gnorm=2.90 | 7.9s | best=0.9308(ep9) | no_improve=2
outputs/logs/train_opt_combo_20260913_160716.log,38,[Epoch 012/039] train_loss=1.6409 train_acc1=60.28% | val_loss=0.4772 val_top1=93.51% val_top5=99.59% macroF1=0.9354 | lr_bb=4.32e-05 lr_head=8.32e-04 | gnorm=2.91 | 7.9s | best=0.9354(ep12) | no_improve=0
outputs/logs/train_opt_combo_20260913_160716.log,40,[Epoch 013/039] train_loss=1.7096 train_acc1=59.34% | val_loss=0.5054 val_top1=93.11% val_top5=99.59% macroF1=0.9312 | lr_bb=4.19e-05 lr_head=7.99e-04 | gnorm=2.84 | 7.9s | best=0.9354(ep12) | no_improve=1
outputs/logs/train_opt_combo_20260913_160716.log,42,[Epoch 014/039] train_loss=1.6270 train_acc1=51.70% | val_loss=0.4705 val_top1=92.84% val_top5=99.73% macroF1=0.9283 | lr_bb=4.05e-05 lr_head=7.65e-04 | gnorm=3.02 | 8.0s | best=0.9354(ep12) | no_improve=2
outputs/logs/train_opt_combo_20260913_160716.log,44,[Epoch 015/039] train_loss=1.5426 train_acc1=62.57% | val_loss=0.4682 val_top1=93.65% val_top5=99.86% macroF1=0.9365 | lr_bb=3.90e-05 lr_head=7.28e-04 | gnorm=3.01 | 8.1s | best=0.9365(ep15) | no_improve=0
outputs/logs/train_opt_combo_20260913_160716.log,46,[Epoch 016/039] train_loss=1.5543 train_acc1=47.26% | val_loss=0.4425 val_top1=94.05% val_top5=99.86% macroF1=0.9407 | lr_bb=3.75e-05 lr_head=6.90e-04 | gnorm=2.76 | 8.3s | best=0.9407(ep16) | no_improve=0
outputs/logs/train_opt_combo_20260913_160716.log,48,[Epoch 017/039] train_loss=1.5007 train_acc1=54.37% | val_loss=0.4223 val_top1=93.78% val_top5=99.73% macroF1=0.9379 | lr_bb=3.59e-05 lr_head=6.50e-04 | gnorm=2.84 | 8.3s | best=0.9407(ep16) | no_improve=1
outputs/logs/train_opt_combo_20260913_160716.log,50,[Epoch 018/039] train_loss=1.5338 train_acc1=52.57% | val_loss=0.4832 val_top1=93.65% val_top5=99.86% macroF1=0.9366 | lr_bb=3.42e-05 lr_head=6.09e-04 | gnorm=3.02 | 8.1s | best=0.9407(ep16) | no_improve=2
outputs/logs/train_opt_combo_20260913_160716.log,52,[Epoch 019/039] train_loss=1.6957 train_acc1=48.99% | val_loss=0.4701 val_top1=93.92% val_top5=99.73% macroF1=0.9395 | lr_bb=3.25e-05 lr_head=5.68e-04 | gnorm=3.01 | 8.0s | best=0.9407(ep16) | no_improve=3
outputs/logs/train_opt_combo_20260913_160716.log,54,[Epoch 020/039] train_loss=1.6820 train_acc1=61.88% | val_loss=0.5414 val_top1=94.46% val_top5=99.59% macroF1=0.9446 | lr_bb=3.08e-05 lr_head=5.26e-04 | gnorm=3.12 | 7.9s | best=0.9446(ep20) | no_improve=0
outputs/logs/train_opt_combo_20260913_160716.log,56,[Epoch 021/039] train_loss=1.6001 train_acc1=58.99% | val_loss=0.4788 val_top1=94.46% val_top5=99.59% macroF1=0.9448 | lr_bb=2.92e-05 lr_head=4.84e-04 | gnorm=3.31 | 8.0s | best=0.9448(ep21) | no_improve=0
outputs/logs/train_opt_combo_20260913_160716.log,58,[Epoch 022/039] train_loss=1.5761 train_acc1=55.94% | val_loss=0.4187 val_top1=94.32% val_top5=99.59% macroF1=0.9435 | lr_bb=2.75e-05 lr_head=4.42e-04 | gnorm=2.89 | 8.0s | best=0.9448(ep21) | no_improve=1
outputs/logs/train_opt_combo_20260913_160716.log,60,[Epoch 023/039] train_loss=1.4889 train_acc1=51.98% | val_loss=0.4707 val_top1=94.59% val_top5=99.73% macroF1=0.9461 | lr_bb=2.58e-05 lr_head=4.01e-04 | gnorm=2.82 | 8.0s | best=0.9461(ep23) | no_improve=0
outputs/logs/train_opt_combo_20260913_160716.log,62,[Epoch 024/039] train_loss=1.5515 train_acc1=51.84% | val_loss=0.4652 val_top1=94.05% val_top5=99.59% macroF1=0.9408 | lr_bb=2.41e-05 lr_head=3.60e-04 | gnorm=3.00 | 7.8s | best=0.9461(ep23) | no_improve=1
outputs/logs/train_opt_combo_20260913_160716.log,64,[Epoch 025/039] train_loss=1.5536 train_acc1=55.00% | val_loss=0.4792 val_top1=94.05% val_top5=99.86% macroF1=0.9407 | lr_bb=2.25e-05 lr_head=3.20e-04 | gnorm=2.99 | 7.9s | best=0.9461(ep23) | no_improve=2
outputs/logs/train_opt_combo_20260913_160716.log,66,[Epoch 026/039] train_loss=1.5560 train_acc1=56.18% | val_loss=0.4643 val_top1=94.19% val_top5=99.73% macroF1=0.9420 | lr_bb=2.10e-05 lr_head=2.82e-04 | gnorm=2.80 | 7.9s | best=0.9461(ep23) | no_improve=3
outputs/logs/train_opt_combo_20260913_160716.log,68,[Epoch 027/039] train_loss=1.6995 train_acc1=60.17% | val_loss=0.4906 val_top1=93.92% val_top5=99.86% macroF1=0.9393 | lr_bb=1.95e-05 lr_head=2.45e-04 | gnorm=2.92 | 7.9s | best=0.9461(ep23) | no_improve=4
outputs/logs/train_opt_combo_20260913_160716.log,70,[Epoch 028/039] train_loss=1.5481 train_acc1=48.96% | val_loss=0.4436 val_top1=94.05% val_top5=99.73% macroF1=0.9407 | lr_bb=1.81e-05 lr_head=2.11e-04 | gnorm=2.88 | 8.0s | best=0.9461(ep23) | no_improve=5
outputs/logs/train_opt_combo_20260913_160716.log,72,[Epoch 029/039] train_loss=1.5159 train_acc1=56.53% | val_loss=0.4778 val_top1=94.73% val_top5=99.73% macroF1=0.9474 | lr_bb=1.68e-05 lr_head=1.78e-04 | gnorm=2.86 | 8.0s | best=0.9474(ep29) | no_improve=0
outputs/logs/train_opt_combo_20260913_160716.log,74,[Epoch 030/039] train_loss=1.6056 train_acc1=57.53% | val_loss=0.4525 val_top1=94.59% val_top5=99.86% macroF1=0.9461 | lr_bb=1.56e-05 lr_head=1.48e-04 | gnorm=2.90 | 7.9s | best=0.9474(ep29) | no_improve=1
outputs/logs/train_opt_combo_20260913_160716.log,76,[Epoch 031/039] train_loss=1.6078 train_acc1=65.00% | val_loss=0.4673 val_top1=94.73% val_top5=99.73% macroF1=0.9474 | lr_bb=1.44e-05 lr_head=1.20e-04 | gnorm=2.77 | 7.9s | best=0.9474(ep31) | no_improve=0
outputs/logs/train_opt_combo_20260913_160716.log,78,[Epoch 032/039] train_loss=1.4426 train_acc1=57.71% | val_loss=0.4131 val_top1=94.59% val_top5=99.86% macroF1=0.9462 | lr_bb=1.34e-05 lr_head=9.49e-05 | gnorm=2.51 | 8.0s | best=0.9474(ep31) | no_improve=1
outputs/logs/train_opt_combo_20260913_160716.log,80,[Epoch 033/039] train_loss=1.4203 train_acc1=56.39% | val_loss=0.4021 val_top1=94.19% val_top5=99.73% macroF1=0.9418 | lr_bb=1.25e-05 lr_head=7.29e-05 | gnorm=2.56 | 7.9s | best=0.9474(ep31) | no_improve=2
outputs/logs/train_opt_combo_20260913_160716.log,82,[Epoch 034/039] train_loss=1.5534 train_acc1=60.07% | val_loss=0.4149 val_top1=94.05% val_top5=99.73% macroF1=0.9407 | lr_bb=1.18e-05 lr_head=5.39e-05 | gnorm=2.88 | 7.8s | best=0.9474(ep31) | no_improve=3
outputs/logs/train_opt_combo_20260913_160716.log,84,[Epoch 035/039] train_loss=1.4135 train_acc1=64.41% | val_loss=0.4175 val_top1=94.59% val_top5=99.86% macroF1=0.9459 | lr_bb=1.11e-05 lr_head=3.83e-05 | gnorm=2.78 | 8.0s | best=0.9474(ep31) | no_improve=4
outputs/logs/train_opt_combo_20260913_160716.log,86,[Epoch 036/039] train_loss=1.4833 train_acc1=61.70% | val_loss=0.4540 val_top1=94.59% val_top5=99.86% macroF1=0.9459 | lr_bb=1.06e-05 lr_head=2.60e-05 | gnorm=2.65 | 8.0s | best=0.9474(ep31) | no_improve=5
outputs/logs/train_opt_combo_20260913_160716.log,88,[Epoch 037/039] train_loss=1.3815 train_acc1=50.03% | val_loss=0.4051 val_top1=94.32% val_top5=99.73% macroF1=0.9432 | lr_bb=1.03e-05 lr_head=1.71e-05 | gnorm=2.45 | 8.0s | best=0.9474(ep31) | no_improve=6
outputs/logs/train_opt_combo_20260913_160716.log,90,[Epoch 038/039] train_loss=1.4906 train_acc1=54.41% | val_loss=0.4204 val_top1=94.73% val_top5=99.86% macroF1=0.9474 | lr_bb=1.01e-05 lr_head=1.18e-05 | gnorm=2.66 | 8.0s | best=0.9474(ep31) | no_improve=7
outputs/logs/train_opt_combo_20260913_160716.log,92,[Epoch 039/039] train_loss=1.5284 train_acc1=59.65% | val_loss=0.4535 val_top1=94.86% val_top5=99.86% macroF1=0.9489 | lr_bb=1.00e-05 lr_head=1.00e-05 | gnorm=2.66 | 7.9s | best=0.9489(ep39) | no_improve=0
outputs/logs/train_opt_disc_20260913_144317.log,11,[optim] group=backbone_decay     n_params=126  lr=5.000e-05 wd=0.05
outputs/logs/train_opt_disc_20260913_144317.log,12,[optim] group=backbone_no_decay  n_params=255  lr=5.000e-05 wd=0.0
outputs/logs/train_opt_disc_20260913_151521.log,9,[optim] group=backbone_decay     n_params=126  lr=5.000e-05 wd=0.05
outputs/logs/train_opt_disc_20260913_151521.log,10,[optim] group=backbone_no_decay  n_params=255  lr=5.000e-05 wd=0.0
outputs/logs/train_opt_disc_20260913_151521.log,14,[Epoch 000/039] train_loss=3.6505 train_acc1=1.84% | val_loss=3.6489 val_top1=1.62% val_top5=11.62% macroF1=0.0165 | lr_bb=1.70e-05 lr_head=3.40e-04 | gnorm=2.03 | 60.5s | best=0.0165(ep0) | no_improve=0
outputs/logs/train_opt_disc_20260913_151521.log,16,[Epoch 001/039] train_loss=3.3659 train_acc1=27.95% | val_loss=2.9448 val_top1=64.19% val_top5=90.95% macroF1=0.6288 | lr_bb=3.35e-05 lr_head=6.70e-04 | gnorm=1.94 | 12.5s | best=0.6288(ep1) | no_improve=0
outputs/logs/train_opt_disc_20260913_151521.log,18,[Epoch 002/039] train_loss=2.5597 train_acc1=70.80% | val_loss=1.6412 val_top1=82.03% val_top5=99.59% macroF1=0.8108 | lr_bb=5.00e-05 lr_head=1.00e-03 | gnorm=2.33 | 9.2s | best=0.8108(ep2) | no_improve=0
outputs/logs/train_opt_disc_20260913_151521.log,20,[Epoch 003/039] train_loss=1.6040 train_acc1=83.58% | val_loss=0.6594 val_top1=88.78% val_top5=99.86% macroF1=0.8865 | lr_bb=4.99e-05 lr_head=9.98e-04 | gnorm=2.41 | 8.6s | best=0.8865(ep3) | no_improve=0
outputs/logs/train_opt_disc_20260913_151521.log,22,[Epoch 004/039] train_loss=1.1705 train_acc1=88.09% | val_loss=0.4556 val_top1=90.81% val_top5=99.86% macroF1=0.9075 | lr_bb=4.97e-05 lr_head=9.93e-04 | gnorm=2.30 | 9.0s | best=0.9075(ep4) | no_improve=0
outputs/logs/train_opt_disc_20260913_151521.log,24,[Epoch 005/039] train_loss=1.0306 train_acc1=91.04% | val_loss=0.3871 val_top1=91.62% val_top5=99.86% macroF1=0.9157 | lr_bb=4.94e-05 lr_head=9.84e-04 | gnorm=2.28 | 9.0s | best=0.9157(ep5) | no_improve=0
outputs/logs/train_opt_disc_20260913_151521.log,26,[Epoch 006/039] train_loss=0.9767 train_acc1=92.50% | val_loss=0.3569 val_top1=92.57% val_top5=99.86% macroF1=0.9254 | lr_bb=4.89e-05 lr_head=9.72e-04 | gnorm=2.33 | 14.9s | best=0.9254(ep6) | no_improve=0
outputs/logs/train_opt_disc_20260913_151521.log,28,[Epoch 007/039] train_loss=0.9429 train_acc1=93.65% | val_loss=0.3540 val_top1=91.62% val_top5=99.86% macroF1=0.9157 | lr_bb=4.82e-05 lr_head=9.56e-04 | gnorm=2.15 | 9.9s | best=0.9254(ep6) | no_improve=1
outputs/logs/train_opt_disc_20260913_151521.log,30,[Epoch 008/039] train_loss=0.9051 train_acc1=94.93% | val_loss=0.3398 val_top1=92.57% val_top5=99.86% macroF1=0.9251 | lr_bb=4.75e-05 lr_head=9.37e-04 | gnorm=2.18 | 12.6s | best=0.9254(ep6) | no_improve=2
outputs/logs/train_opt_disc_20260913_151521.log,32,[Epoch 009/039] train_loss=0.8901 train_acc1=95.38% | val_loss=0.3403 val_top1=92.57% val_top5=99.86% macroF1=0.9255 | lr_bb=4.66e-05 lr_head=9.15e-04 | gnorm=2.05 | 11.0s | best=0.9255(ep9) | no_improve=0
outputs/logs/train_opt_disc_20260913_151521.log,34,[Epoch 010/039] train_loss=0.8704 train_acc1=96.11% | val_loss=0.3366 val_top1=92.84% val_top5=99.86% macroF1=0.9279 | lr_bb=4.56e-05 lr_head=8.90e-04 | gnorm=2.02 | 12.2s | best=0.9279(ep10) | no_improve=0
outputs/logs/train_opt_disc_20260913_151521.log,36,[Epoch 011/039] train_loss=0.8504 train_acc1=96.67% | val_loss=0.3442 val_top1=93.65% val_top5=99.86% macroF1=0.9363 | lr_bb=4.44e-05 lr_head=8.62e-04 | gnorm=1.91 | 12.1s | best=0.9363(ep11) | no_improve=0
outputs/logs/train_opt_disc_20260913_151521.log,38,[Epoch 012/039] train_loss=0.8430 train_acc1=97.19% | val_loss=0.3355 val_top1=93.78% val_top5=99.86% macroF1=0.9379 | lr_bb=4.32e-05 lr_head=8.32e-04 | gnorm=1.96 | 12.6s | best=0.9379(ep12) | no_improve=0
outputs/logs/train_opt_disc_20260913_151521.log,40,[Epoch 013/039] train_loss=0.8260 train_acc1=97.95% | val_loss=0.3341 val_top1=93.51% val_top5=99.86% macroF1=0.9351 | lr_bb=4.19e-05 lr_head=7.99e-04 | gnorm=1.79 | 12.1s | best=0.9379(ep12) | no_improve=1
outputs/logs/train_opt_disc_20260913_151521.log,42,[Epoch 014/039] train_loss=0.8244 train_acc1=97.71% | val_loss=0.3298 val_top1=93.78% val_top5=99.86% macroF1=0.9380 | lr_bb=4.05e-05 lr_head=7.65e-04 | gnorm=1.84 | 12.3s | best=0.9380(ep14) | no_improve=0
outputs/logs/train_opt_disc_20260913_151521.log,44,[Epoch 015/039] train_loss=0.8190 train_acc1=97.85% | val_loss=0.3307 val_top1=94.19% val_top5=99.86% macroF1=0.9421 | lr_bb=3.90e-05 lr_head=7.28e-04 | gnorm=1.74 | 13.1s | best=0.9421(ep15) | no_improve=0
outputs/logs/train_opt_disc_20260913_151521.log,46,[Epoch 016/039] train_loss=0.8108 train_acc1=98.16% | val_loss=0.3312 val_top1=93.38% val_top5=99.73% macroF1=0.9338 | lr_bb=3.75e-05 lr_head=6.90e-04 | gnorm=1.75 | 12.3s | best=0.9421(ep15) | no_improve=1
outputs/logs/train_opt_disc_20260913_151521.log,48,[Epoch 017/039] train_loss=0.8036 train_acc1=98.19% | val_loss=0.3317 val_top1=93.78% val_top5=99.73% macroF1=0.9379 | lr_bb=3.59e-05 lr_head=6.50e-04 | gnorm=1.78 | 14.7s | best=0.9421(ep15) | no_improve=2
outputs/logs/train_opt_disc_20260913_151521.log,50,[Epoch 018/039] train_loss=0.7954 train_acc1=98.51% | val_loss=0.3328 val_top1=93.78% val_top5=99.59% macroF1=0.9377 | lr_bb=3.42e-05 lr_head=6.09e-04 | gnorm=1.64 | 14.0s | best=0.9421(ep15) | no_improve=3
outputs/logs/train_opt_disc_20260913_151521.log,52,[Epoch 019/039] train_loss=0.7888 train_acc1=98.78% | val_loss=0.3327 val_top1=93.92% val_top5=99.73% macroF1=0.9394 | lr_bb=3.25e-05 lr_head=5.68e-04 | gnorm=1.65 | 13.0s | best=0.9421(ep15) | no_improve=4
outputs/logs/train_opt_disc_20260913_151521.log,54,[Epoch 020/039] train_loss=0.7926 train_acc1=98.54% | val_loss=0.3405 val_top1=93.78% val_top5=99.73% macroF1=0.9377 | lr_bb=3.08e-05 lr_head=5.26e-04 | gnorm=1.75 | 13.4s | best=0.9421(ep15) | no_improve=5
outputs/logs/train_opt_disc_20260913_151521.log,56,[Epoch 021/039] train_loss=0.7877 train_acc1=98.58% | val_loss=0.3254 val_top1=93.92% val_top5=99.59% macroF1=0.9393 | lr_bb=2.92e-05 lr_head=4.84e-04 | gnorm=1.67 | 13.2s | best=0.9421(ep15) | no_improve=6
outputs/logs/train_opt_disc_20260913_151521.log,58,[Epoch 022/039] train_loss=0.7830 train_acc1=98.85% | val_loss=0.3350 val_top1=93.92% val_top5=99.59% macroF1=0.9391 | lr_bb=2.75e-05 lr_head=4.42e-04 | gnorm=1.51 | 15.3s | best=0.9421(ep15) | no_improve=7
outputs/logs/train_opt_disc_20260913_151521.log,60,[Epoch 023/039] train_loss=0.7801 train_acc1=98.78% | val_loss=0.3357 val_top1=94.19% val_top5=99.59% macroF1=0.9417 | lr_bb=2.58e-05 lr_head=4.01e-04 | gnorm=1.69 | 13.2s | best=0.9421(ep15) | no_improve=8
outputs/logs/train_opt_disc_20260913_151521.log,62,[Epoch 024/039] train_loss=0.7765 train_acc1=98.65% | val_loss=0.3448 val_top1=93.78% val_top5=99.32% macroF1=0.9380 | lr_bb=2.41e-05 lr_head=3.60e-04 | gnorm=1.64 | 14.3s | best=0.9421(ep15) | no_improve=9
outputs/logs/train_opt_disc_20260913_151521.log,64,[Epoch 025/039] train_loss=0.7753 train_acc1=98.68% | val_loss=0.3409 val_top1=94.05% val_top5=99.59% macroF1=0.9406 | lr_bb=2.25e-05 lr_head=3.20e-04 | gnorm=1.47 | 11.7s | best=0.9421(ep15) | no_improve=10
outputs/logs/train_opt_disc_20260913_151521.log,66,[Epoch 026/039] train_loss=0.7687 train_acc1=98.96% | val_loss=0.3364 val_top1=94.05% val_top5=99.73% macroF1=0.9406 | lr_bb=2.10e-05 lr_head=2.82e-04 | gnorm=1.54 | 27.9s | best=0.9421(ep15) | no_improve=11
outputs/logs/train_opt_disc_20260913_151521.log,68,[Epoch 027/039] train_loss=0.7762 train_acc1=98.58% | val_loss=0.3351 val_top1=93.51% val_top5=99.46% macroF1=0.9351 | lr_bb=1.95e-05 lr_head=2.45e-04 | gnorm=1.61 | 12.1s | best=0.9421(ep15) | no_improve=12
outputs/logs/train_opt_disc_20260913_151521.log,70,[Epoch 028/039] train_loss=0.7711 train_acc1=98.68% | val_loss=0.3414 val_top1=94.05% val_top5=99.46% macroF1=0.9405 | lr_bb=1.81e-05 lr_head=2.11e-04 | gnorm=1.66 | 10.6s | best=0.9421(ep15) | no_improve=13
outputs/logs/train_opt_disc_20260913_151521.log,72,[Epoch 029/039] train_loss=0.7686 train_acc1=99.10% | val_loss=0.3384 val_top1=93.65% val_top5=99.59% macroF1=0.9366 | lr_bb=1.68e-05 lr_head=1.78e-04 | gnorm=1.48 | 10.2s | best=0.9421(ep15) | no_improve=14
outputs/logs/train_opt_disc_20260913_151521.log,74,[Epoch 030/039] train_loss=0.7653 train_acc1=99.13% | val_loss=0.3345 val_top1=93.92% val_top5=99.46% macroF1=0.9392 | lr_bb=1.56e-05 lr_head=1.48e-04 | gnorm=1.31 | 9.3s | best=0.9421(ep15) | no_improve=15
outputs/logs/train_opt_disc_20260913_151521.log,76,[Epoch 031/039] train_loss=0.7637 train_acc1=99.20% | val_loss=0.3292 val_top1=93.78% val_top5=99.59% macroF1=0.9380 | lr_bb=1.44e-05 lr_head=1.20e-04 | gnorm=1.36 | 8.6s | best=0.9421(ep15) | no_improve=16
outputs/logs/train_opt_disc_20260913_151521.log,78,[Epoch 032/039] train_loss=0.7615 train_acc1=99.10% | val_loss=0.3362 val_top1=94.19% val_top5=99.46% macroF1=0.9420 | lr_bb=1.34e-05 lr_head=9.49e-05 | gnorm=1.29 | 8.2s | best=0.9421(ep15) | no_improve=17
outputs/logs/train_opt_disc_20260913_151521.log,80,[Epoch 033/039] train_loss=0.7651 train_acc1=98.85% | val_loss=0.3347 val_top1=93.92% val_top5=99.46% macroF1=0.9392 | lr_bb=1.25e-05 lr_head=7.29e-05 | gnorm=1.36 | 10.9s | best=0.9421(ep15) | no_improve=18
outputs/logs/train_opt_disc_20260913_151521.log,82,[Epoch 034/039] train_loss=0.7660 train_acc1=99.10% | val_loss=0.3404 val_top1=94.19% val_top5=99.59% macroF1=0.9419 | lr_bb=1.18e-05 lr_head=5.39e-05 | gnorm=1.48 | 11.9s | best=0.9421(ep15) | no_improve=19
outputs/logs/train_opt_disc_20260913_151521.log,84,[Epoch 035/039] train_loss=0.7603 train_acc1=99.20% | val_loss=0.3408 val_top1=94.19% val_top5=99.46% macroF1=0.9420 | lr_bb=1.11e-05 lr_head=3.83e-05 | gnorm=1.34 | 8.8s | best=0.9421(ep15) | no_improve=20
outputs/logs/train_opt_disc_20260913_151521.log,86,[Epoch 036/039] train_loss=0.7600 train_acc1=99.13% | val_loss=0.3487 val_top1=94.19% val_top5=99.46% macroF1=0.9420 | lr_bb=1.06e-05 lr_head=2.60e-05 | gnorm=1.32 | 8.3s | best=0.9421(ep15) | no_improve=21
outputs/logs/train_opt_disc_20260913_151521.log,88,[Epoch 037/039] train_loss=0.7563 train_acc1=99.27% | val_loss=0.3440 val_top1=93.65% val_top5=99.59% macroF1=0.9364 | lr_bb=1.03e-05 lr_head=1.71e-05 | gnorm=1.26 | 8.5s | best=0.9421(ep15) | no_improve=22
outputs/logs/train_opt_disc_20260913_151521.log,90,[Epoch 038/039] train_loss=0.7582 train_acc1=98.92% | val_loss=0.3417 val_top1=93.78% val_top5=99.59% macroF1=0.9378 | lr_bb=1.01e-05 lr_head=1.18e-05 | gnorm=1.39 | 8.3s | best=0.9421(ep15) | no_improve=23
outputs/logs/train_opt_disc_20260913_151521.log,92,[Epoch 039/039] train_loss=0.7612 train_acc1=99.06% | val_loss=0.3473 val_top1=93.65% val_top5=99.59% macroF1=0.9367 | lr_bb=1.00e-05 lr_head=1.00e-05 | gnorm=1.44 | 8.4s | best=0.9421(ep15) | no_improve=24
outputs/logs/train_opt_mix_20260913_143032.log,9,[optim] group=backbone_decay     n_params=126  lr=1.000e-04 wd=0.05
outputs/logs/train_opt_mix_20260913_143032.log,10,[optim] group=backbone_no_decay  n_params=255  lr=1.000e-04 wd=0.0
outputs/logs/train_opt_mix_20260913_143032.log,14,[Epoch 000/039] train_loss=3.6475 train_acc1=2.33% | val_loss=3.6478 val_top1=1.08% val_top5=12.16% macroF1=0.0111 | lr_bb=3.40e-05 lr_head=3.40e-04 | gnorm=1.75 | 55.2s | best=0.0111(ep0) | no_improve=0
outputs/logs/train_opt_mix_20260913_143032.log,16,[Epoch 001/039] train_loss=3.4264 train_acc1=12.92% | val_loss=2.9819 val_top1=63.38% val_top5=89.59% macroF1=0.6142 | lr_bb=6.70e-05 lr_head=6.70e-04 | gnorm=1.81 | 8.9s | best=0.6142(ep1) | no_improve=0
outputs/logs/train_opt_mix_20260913_143032.log,18,[Epoch 002/039] train_loss=2.8114 train_acc1=38.44% | val_loss=1.5676 val_top1=83.38% val_top5=99.19% macroF1=0.8246 | lr_bb=1.00e-04 lr_head=1.00e-03 | gnorm=1.93 | 7.8s | best=0.8246(ep2) | no_improve=0
outputs/logs/train_opt_mix_20260913_143032.log,20,[Epoch 003/039] train_loss=2.1247 train_acc1=47.92% | val_loss=0.7049 val_top1=89.19% val_top5=99.73% macroF1=0.8908 | lr_bb=9.98e-05 lr_head=9.98e-04 | gnorm=2.21 | 8.7s | best=0.8908(ep3) | no_improve=0
outputs/logs/train_opt_mix_20260913_143032.log,22,[Epoch 004/039] train_loss=1.7475 train_acc1=54.55% | val_loss=0.5644 val_top1=91.22% val_top5=99.73% macroF1=0.9112 | lr_bb=9.94e-05 lr_head=9.93e-04 | gnorm=2.26 | 7.7s | best=0.9112(ep4) | no_improve=0
outputs/logs/train_opt_mix_20260913_143032.log,24,[Epoch 005/039] train_loss=1.7582 train_acc1=50.00% | val_loss=0.5650 val_top1=91.22% val_top5=99.86% macroF1=0.9115 | lr_bb=9.85e-05 lr_head=9.84e-04 | gnorm=2.33 | 7.5s | best=0.9115(ep5) | no_improve=0
outputs/logs/train_opt_mix_20260913_143032.log,26,[Epoch 006/039] train_loss=1.5999 train_acc1=55.80% | val_loss=0.4709 val_top1=92.30% val_top5=99.86% macroF1=0.9227 | lr_bb=9.74e-05 lr_head=9.72e-04 | gnorm=2.38 | 7.4s | best=0.9227(ep6) | no_improve=0
outputs/logs/train_opt_mix_20260913_143032.log,28,[Epoch 007/039] train_loss=1.5314 train_acc1=53.09% | val_loss=0.4847 val_top1=92.43% val_top5=99.86% macroF1=0.9239 | lr_bb=9.60e-05 lr_head=9.56e-04 | gnorm=2.19 | 7.6s | best=0.9239(ep7) | no_improve=0
outputs/logs/train_opt_mix_20260913_143032.log,30,[Epoch 008/039] train_loss=1.6626 train_acc1=62.74% | val_loss=0.5160 val_top1=92.03% val_top5=99.73% macroF1=0.9199 | lr_bb=9.43e-05 lr_head=9.37e-04 | gnorm=2.52 | 7.5s | best=0.9239(ep7) | no_improve=1
outputs/logs/train_opt_mix_20260913_143032.log,32,[Epoch 009/039] train_loss=1.5324 train_acc1=63.30% | val_loss=0.4641 val_top1=92.84% val_top5=99.59% macroF1=0.9283 | lr_bb=9.23e-05 lr_head=9.15e-04 | gnorm=2.46 | 7.9s | best=0.9283(ep9) | no_improve=0
outputs/logs/train_opt_mix_20260913_143032.log,34,[Epoch 010/039] train_loss=1.6198 train_acc1=64.06% | val_loss=0.4910 val_top1=92.97% val_top5=99.73% macroF1=0.9294 | lr_bb=9.00e-05 lr_head=8.90e-04 | gnorm=2.42 | 10.0s | best=0.9294(ep10) | no_improve=0
outputs/logs/train_opt_mix_20260913_143032.log,36,[Epoch 011/039] train_loss=1.4725 train_acc1=56.08% | val_loss=0.4841 val_top1=93.24% val_top5=99.59% macroF1=0.9328 | lr_bb=8.75e-05 lr_head=8.62e-04 | gnorm=2.29 | 8.2s | best=0.9328(ep11) | no_improve=0
outputs/logs/train_opt_mix_20260913_143032.log,38,[Epoch 012/039] train_loss=1.4829 train_acc1=63.75% | val_loss=0.4817 val_top1=94.05% val_top5=99.86% macroF1=0.9411 | lr_bb=8.47e-05 lr_head=8.32e-04 | gnorm=2.38 | 8.4s | best=0.9411(ep12) | no_improve=0
outputs/logs/train_opt_mix_20260913_143032.log,40,[Epoch 013/039] train_loss=1.5510 train_acc1=62.29% | val_loss=0.4726 val_top1=93.78% val_top5=99.59% macroF1=0.9378 | lr_bb=8.18e-05 lr_head=7.99e-04 | gnorm=2.32 | 8.3s | best=0.9411(ep12) | no_improve=1
outputs/logs/train_opt_mix_20260913_143032.log,42,[Epoch 014/039] train_loss=1.4774 train_acc1=55.56% | val_loss=0.4612 val_top1=93.51% val_top5=99.73% macroF1=0.9354 | lr_bb=7.86e-05 lr_head=7.65e-04 | gnorm=2.33 | 15.5s | best=0.9411(ep12) | no_improve=2
outputs/logs/train_opt_mix_20260913_143032.log,44,[Epoch 015/039] train_loss=1.3943 train_acc1=66.94% | val_loss=0.4459 val_top1=93.92% val_top5=99.73% macroF1=0.9394 | lr_bb=7.53e-05 lr_head=7.28e-04 | gnorm=2.28 | 25.6s | best=0.9411(ep12) | no_improve=3
outputs/logs/train_opt_mix_20260913_143032.log,46,[Epoch 016/039] train_loss=1.3968 train_acc1=50.28% | val_loss=0.4552 val_top1=94.46% val_top5=99.73% macroF1=0.9450 | lr_bb=7.18e-05 lr_head=6.90e-04 | gnorm=2.23 | 14.9s | best=0.9450(ep16) | no_improve=0
outputs/logs/train_opt_mix_20260913_143032.log,48,[Epoch 017/039] train_loss=1.3595 train_acc1=56.70% | val_loss=0.4226 val_top1=94.32% val_top5=99.86% macroF1=0.9435 | lr_bb=6.82e-05 lr_head=6.50e-04 | gnorm=2.19 | 7.3s | best=0.9450(ep16) | no_improve=1
outputs/logs/train_opt_mix_20260913_143032.log,50,[Epoch 018/039] train_loss=1.3884 train_acc1=56.60% | val_loss=0.4596 val_top1=94.32% val_top5=99.86% macroF1=0.9436 | lr_bb=6.45e-05 lr_head=6.09e-04 | gnorm=2.02 | 7.4s | best=0.9450(ep16) | no_improve=2
outputs/logs/train_opt_mix_20260913_143032.log,52,[Epoch 019/039] train_loss=1.5283 train_acc1=52.26% | val_loss=0.4576 val_top1=94.05% val_top5=99.86% macroF1=0.9405 | lr_bb=6.07e-05 lr_head=5.68e-04 | gnorm=2.24 | 21.9s | best=0.9450(ep16) | no_improve=3
outputs/logs/train_opt_mix_20260913_143032.log,54,[Epoch 020/039] train_loss=1.5349 train_acc1=64.17% | val_loss=0.5351 val_top1=93.92% val_top5=99.86% macroF1=0.9396 | lr_bb=5.69e-05 lr_head=5.26e-04 | gnorm=2.21 | 11.5s | best=0.9450(ep16) | no_improve=4
outputs/logs/train_opt_mix_20260913_143032.log,56,[Epoch 021/039] train_loss=1.4432 train_acc1=62.05% | val_loss=0.4537 val_top1=94.32% val_top5=99.86% macroF1=0.9438 | lr_bb=5.31e-05 lr_head=4.84e-04 | gnorm=2.19 | 8.7s | best=0.9450(ep16) | no_improve=5
outputs/logs/train_opt_mix_20260913_143032.log,58,[Epoch 022/039] train_loss=1.4116 train_acc1=58.23% | val_loss=0.4349 val_top1=94.46% val_top5=99.86% macroF1=0.9449 | lr_bb=4.93e-05 lr_head=4.42e-04 | gnorm=2.09 | 8.3s | best=0.9450(ep16) | no_improve=6
outputs/logs/train_opt_mix_20260913_143032.log,60,[Epoch 023/039] train_loss=1.3445 train_acc1=53.37% | val_loss=0.4521 val_top1=94.05% val_top5=99.86% macroF1=0.9408 | lr_bb=4.55e-05 lr_head=4.01e-04 | gnorm=2.10 | 8.7s | best=0.9450(ep16) | no_improve=7
outputs/logs/train_opt_mix_20260913_143032.log,62,[Epoch 024/039] train_loss=1.3958 train_acc1=56.01% | val_loss=0.4404 val_top1=94.46% val_top5=99.86% macroF1=0.9448 | lr_bb=4.18e-05 lr_head=3.60e-04 | gnorm=1.99 | 7.8s | best=0.9450(ep16) | no_improve=8
outputs/logs/train_opt_mix_20260913_143934.log,23,[optim] group=backbone_decay     n_params=126  lr=1.000e-04 wd=0.05
outputs/logs/train_opt_mix_20260913_143934.log,24,[optim] group=backbone_no_decay  n_params=255  lr=1.000e-04 wd=0.0
outputs/logs/train_opt_mix_20260913_144327.log,11,[optim] group=backbone_decay     n_params=126  lr=1.000e-04 wd=0.05
outputs/logs/train_opt_mix_20260913_144327.log,12,[optim] group=backbone_no_decay  n_params=255  lr=1.000e-04 wd=0.0
outputs/logs/train_opt_mix_20260913_144501.log,10,[optim] group=backbone_decay     n_params=126  lr=1.000e-04 wd=0.05
outputs/logs/train_opt_mix_20260913_144501.log,11,[optim] group=backbone_no_decay  n_params=255  lr=1.000e-04 wd=0.0
outputs/logs/train_opt_mix_20260913_144501.log,15,[Epoch 000/039] train_loss=3.6475 train_acc1=2.40% | val_loss=3.6478 val_top1=1.22% val_top5=12.03% macroF1=0.0127 | lr_bb=3.40e-05 lr_head=3.40e-04 | gnorm=1.74 | 60.5s | best=0.0127(ep0) | no_improve=0
outputs/logs/train_opt_mix_20260913_144501.log,17,[Epoch 001/039] train_loss=3.4265 train_acc1=13.06% | val_loss=2.9783 val_top1=62.57% val_top5=90.00% macroF1=0.6060 | lr_bb=6.70e-05 lr_head=6.70e-04 | gnorm=1.78 | 8.5s | best=0.6060(ep1) | no_improve=0
outputs/logs/train_opt_mix_20260913_144501.log,19,[Epoch 002/039] train_loss=2.8115 train_acc1=38.54% | val_loss=1.5669 val_top1=83.38% val_top5=99.32% macroF1=0.8242 | lr_bb=1.00e-04 lr_head=1.00e-03 | gnorm=1.94 | 8.4s | best=0.8242(ep2) | no_improve=0
outputs/logs/train_opt_mix_20260913_144501.log,21,[Epoch 003/039] train_loss=2.1244 train_acc1=47.74% | val_loss=0.6983 val_top1=89.32% val_top5=99.73% macroF1=0.8921 | lr_bb=9.98e-05 lr_head=9.98e-04 | gnorm=2.14 | 8.6s | best=0.8921(ep3) | no_improve=0
outputs/logs/train_opt_mix_20260913_144501.log,23,[Epoch 004/039] train_loss=1.7459 train_acc1=54.51% | val_loss=0.5625 val_top1=91.35% val_top5=99.86% macroF1=0.9130 | lr_bb=9.94e-05 lr_head=9.93e-04 | gnorm=2.18 | 8.2s | best=0.9130(ep4) | no_improve=0
outputs/logs/train_opt_mix_20260913_144501.log,25,[Epoch 005/039] train_loss=1.7541 train_acc1=50.45% | val_loss=0.5554 val_top1=91.35% val_top5=99.86% macroF1=0.9132 | lr_bb=9.85e-05 lr_head=9.84e-04 | gnorm=2.28 | 8.0s | best=0.9132(ep5) | no_improve=0
outputs/logs/train_opt_mix_20260913_144501.log,27,[Epoch 006/039] train_loss=1.5977 train_acc1=56.22% | val_loss=0.4636 val_top1=91.89% val_top5=99.86% macroF1=0.9187 | lr_bb=9.74e-05 lr_head=9.72e-04 | gnorm=2.42 | 8.3s | best=0.9187(ep6) | no_improve=0
outputs/logs/train_opt_mix_20260913_144501.log,29,[Epoch 007/039] train_loss=1.5304 train_acc1=53.12% | val_loss=0.4755 val_top1=92.03% val_top5=99.73% macroF1=0.9198 | lr_bb=9.60e-05 lr_head=9.56e-04 | gnorm=2.13 | 8.6s | best=0.9198(ep7) | no_improve=0
outputs/logs/train_opt_mix_20260913_144501.log,31,[Epoch 008/039] train_loss=1.6611 train_acc1=62.43% | val_loss=0.5179 val_top1=92.43% val_top5=99.73% macroF1=0.9243 | lr_bb=9.43e-05 lr_head=9.37e-04 | gnorm=2.53 | 8.5s | best=0.9243(ep8) | no_improve=0
outputs/logs/train_opt_mix_20260913_144501.log,33,[Epoch 009/039] train_loss=1.5317 train_acc1=63.65% | val_loss=0.4615 val_top1=92.84% val_top5=99.59% macroF1=0.9284 | lr_bb=9.23e-05 lr_head=9.15e-04 | gnorm=2.44 | 8.3s | best=0.9284(ep9) | no_improve=0
outputs/logs/train_opt_mix_20260913_144501.log,35,[Epoch 010/039] train_loss=1.6186 train_acc1=64.51% | val_loss=0.4910 val_top1=92.84% val_top5=99.59% macroF1=0.9282 | lr_bb=9.00e-05 lr_head=8.90e-04 | gnorm=2.43 | 8.4s | best=0.9284(ep9) | no_improve=1
outputs/logs/train_opt_mix_20260913_144501.log,37,[Epoch 011/039] train_loss=1.4709 train_acc1=56.32% | val_loss=0.4657 val_top1=93.38% val_top5=99.59% macroF1=0.9344 | lr_bb=8.75e-05 lr_head=8.62e-04 | gnorm=2.32 | 8.4s | best=0.9344(ep11) | no_improve=0
outputs/logs/train_opt_mix_20260913_144501.log,39,[Epoch 012/039] train_loss=1.4827 train_acc1=63.99% | val_loss=0.4733 val_top1=93.51% val_top5=99.86% macroF1=0.9358 | lr_bb=8.47e-05 lr_head=8.32e-04 | gnorm=2.43 | 8.2s | best=0.9358(ep12) | no_improve=0
outputs/logs/train_opt_mix_20260913_144501.log,41,[Epoch 013/039] train_loss=1.5510 train_acc1=62.47% | val_loss=0.4618 val_top1=93.51% val_top5=99.73% macroF1=0.9352 | lr_bb=8.18e-05 lr_head=7.99e-04 | gnorm=2.29 | 8.5s | best=0.9358(ep12) | no_improve=1
outputs/logs/train_opt_mix_20260913_144501.log,43,[Epoch 014/039] train_loss=1.4782 train_acc1=55.38% | val_loss=0.4596 val_top1=93.24% val_top5=99.73% macroF1=0.9325 | lr_bb=7.86e-05 lr_head=7.65e-04 | gnorm=2.43 | 8.4s | best=0.9358(ep12) | no_improve=2
outputs/logs/train_opt_mix_20260913_144501.log,45,[Epoch 015/039] train_loss=1.3939 train_acc1=67.22% | val_loss=0.4373 val_top1=93.65% val_top5=99.73% macroF1=0.9367 | lr_bb=7.53e-05 lr_head=7.28e-04 | gnorm=2.30 | 8.2s | best=0.9367(ep15) | no_improve=0
outputs/logs/train_opt_mix_20260913_144501.log,47,[Epoch 016/039] train_loss=1.3968 train_acc1=50.31% | val_loss=0.4459 val_top1=94.46% val_top5=99.86% macroF1=0.9450 | lr_bb=7.18e-05 lr_head=6.90e-04 | gnorm=2.21 | 9.5s | best=0.9450(ep16) | no_improve=0
outputs/logs/train_opt_mix_20260913_144501.log,49,[Epoch 017/039] train_loss=1.3604 train_acc1=56.91% | val_loss=0.4175 val_top1=94.46% val_top5=99.86% macroF1=0.9449 | lr_bb=6.82e-05 lr_head=6.50e-04 | gnorm=2.21 | 10.6s | best=0.9450(ep16) | no_improve=1
outputs/logs/train_opt_mix_20260913_144501.log,51,[Epoch 018/039] train_loss=1.3902 train_acc1=56.84% | val_loss=0.4506 val_top1=94.19% val_top5=99.86% macroF1=0.9422 | lr_bb=6.45e-05 lr_head=6.09e-04 | gnorm=1.97 | 27.5s | best=0.9450(ep16) | no_improve=2
outputs/logs/train_opt_mix_20260913_144501.log,53,[Epoch 019/039] train_loss=1.5295 train_acc1=52.22% | val_loss=0.4487 val_top1=93.92% val_top5=99.86% macroF1=0.9393 | lr_bb=6.07e-05 lr_head=5.68e-04 | gnorm=2.20 | 24.4s | best=0.9450(ep16) | no_improve=3
outputs/logs/train_opt_mix_20260913_144501.log,55,[Epoch 020/039] train_loss=1.5360 train_acc1=64.13% | val_loss=0.5230 val_top1=94.19% val_top5=99.86% macroF1=0.9424 | lr_bb=5.69e-05 lr_head=5.26e-04 | gnorm=2.18 | 9.3s | best=0.9450(ep16) | no_improve=4
outputs/logs/train_opt_mix_20260913_144501.log,57,[Epoch 021/039] train_loss=1.4434 train_acc1=62.01% | val_loss=0.4459 val_top1=94.19% val_top5=99.86% macroF1=0.9424 | lr_bb=5.31e-05 lr_head=4.84e-04 | gnorm=2.16 | 7.8s | best=0.9450(ep16) | no_improve=5
outputs/logs/train_opt_mix_20260913_144501.log,59,[Epoch 022/039] train_loss=1.4131 train_acc1=58.44% | val_loss=0.4322 val_top1=94.05% val_top5=99.73% macroF1=0.9410 | lr_bb=4.93e-05 lr_head=4.42e-04 | gnorm=2.06 | 7.8s | best=0.9450(ep16) | no_improve=6
outputs/logs/train_opt_mix_20260913_144501.log,61,[Epoch 023/039] train_loss=1.3454 train_acc1=53.19% | val_loss=0.4482 val_top1=94.46% val_top5=99.86% macroF1=0.9448 | lr_bb=4.55e-05 lr_head=4.01e-04 | gnorm=2.14 | 7.4s | best=0.9450(ep16) | no_improve=7
outputs/logs/train_opt_mix_20260913_144501.log,63,[Epoch 024/039] train_loss=1.3960 train_acc1=55.76% | val_loss=0.4401 val_top1=94.59% val_top5=99.86% macroF1=0.9462 | lr_bb=4.18e-05 lr_head=3.60e-04 | gnorm=2.02 | 7.1s | best=0.9462(ep24) | no_improve=0
outputs/logs/train_opt_mix_20260913_144501.log,65,[Epoch 025/039] train_loss=1.4066 train_acc1=58.23% | val_loss=0.4868 val_top1=94.59% val_top5=99.73% macroF1=0.9463 | lr_bb=3.82e-05 lr_head=3.20e-04 | gnorm=2.00 | 7.2s | best=0.9463(ep25) | no_improve=0
outputs/logs/train_opt_mix_20260913_144501.log,67,[Epoch 026/039] train_loss=1.4059 train_acc1=60.31% | val_loss=0.4495 val_top1=94.59% val_top5=99.86% macroF1=0.9463 | lr_bb=3.47e-05 lr_head=2.82e-04 | gnorm=2.03 | 7.1s | best=0.9463(ep26) | no_improve=0
outputs/logs/train_opt_mix_20260913_144501.log,69,[Epoch 027/039] train_loss=1.5460 train_acc1=63.68% | val_loss=0.4989 val_top1=94.46% val_top5=99.73% macroF1=0.9452 | lr_bb=3.14e-05 lr_head=2.45e-04 | gnorm=2.30 | 7.1s | best=0.9463(ep26) | no_improve=1
outputs/logs/train_opt_mix_20260913_144501.log,71,[Epoch 028/039] train_loss=1.4062 train_acc1=50.24% | val_loss=0.4530 val_top1=94.32% val_top5=99.86% macroF1=0.9435 | lr_bb=2.82e-05 lr_head=2.11e-04 | gnorm=2.11 | 7.3s | best=0.9463(ep26) | no_improve=2
outputs/logs/train_opt_mix_20260913_144501.log,73,[Epoch 029/039] train_loss=1.3686 train_acc1=59.76% | val_loss=0.4832 val_top1=93.92% val_top5=99.73% macroF1=0.9398 | lr_bb=2.53e-05 lr_head=1.78e-04 | gnorm=2.04 | 7.5s | best=0.9463(ep26) | no_improve=3
outputs/logs/train_opt_mix_20260913_144501.log,75,[Epoch 030/039] train_loss=1.4584 train_acc1=62.12% | val_loss=0.4630 val_top1=94.59% val_top5=99.86% macroF1=0.9463 | lr_bb=2.25e-05 lr_head=1.48e-04 | gnorm=2.26 | 7.3s | best=0.9463(ep26) | no_improve=4
outputs/logs/train_opt_mix_20260913_144501.log,77,[Epoch 031/039] train_loss=1.4612 train_acc1=68.30% | val_loss=0.4714 val_top1=94.32% val_top5=99.86% macroF1=0.9436 | lr_bb=2.00e-05 lr_head=1.20e-04 | gnorm=2.13 | 7.3s | best=0.9463(ep26) | no_improve=5
outputs/logs/train_opt_mix_20260913_144501.log,79,[Epoch 032/039] train_loss=1.3080 train_acc1=59.34% | val_loss=0.4215 val_top1=94.46% val_top5=99.86% macroF1=0.9449 | lr_bb=1.77e-05 lr_head=9.49e-05 | gnorm=1.76 | 7.4s | best=0.9463(ep26) | no_improve=6
outputs/logs/train_opt_mix_20260913_144501.log,81,[Epoch 033/039] train_loss=1.2902 train_acc1=59.03% | val_loss=0.4023 val_top1=94.73% val_top5=99.86% macroF1=0.9476 | lr_bb=1.57e-05 lr_head=7.29e-05 | gnorm=1.91 | 7.5s | best=0.9476(ep33) | no_improve=0
outputs/logs/train_opt_mix_20260913_144501.log,83,[Epoch 034/039] train_loss=1.4226 train_acc1=63.72% | val_loss=0.4213 val_top1=94.59% val_top5=99.86% macroF1=0.9462 | lr_bb=1.40e-05 lr_head=5.39e-05 | gnorm=2.14 | 7.4s | best=0.9476(ep33) | no_improve=1
outputs/logs/train_opt_mix_20260913_144501.log,85,[Epoch 035/039] train_loss=1.2758 train_acc1=67.08% | val_loss=0.4199 val_top1=94.73% val_top5=99.86% macroF1=0.9476 | lr_bb=1.26e-05 lr_head=3.83e-05 | gnorm=1.69 | 7.4s | best=0.9476(ep33) | no_improve=2
outputs/logs/train_opt_mix_20260913_144501.log,87,[Epoch 036/039] train_loss=1.3479 train_acc1=63.89% | val_loss=0.4559 val_top1=94.86% val_top5=99.86% macroF1=0.9489 | lr_bb=1.15e-05 lr_head=2.60e-05 | gnorm=1.79 | 7.4s | best=0.9489(ep36) | no_improve=0
outputs/logs/train_opt_mix_20260913_144501.log,89,[Epoch 037/039] train_loss=1.2510 train_acc1=52.15% | val_loss=0.4157 val_top1=94.59% val_top5=99.86% macroF1=0.9464 | lr_bb=1.06e-05 lr_head=1.71e-05 | gnorm=1.75 | 7.4s | best=0.9489(ep36) | no_improve=1
outputs/logs/train_opt_mix_20260913_144501.log,91,[Epoch 038/039] train_loss=1.3591 train_acc1=57.81% | val_loss=0.4250 val_top1=94.32% val_top5=99.86% macroF1=0.9435 | lr_bb=1.02e-05 lr_head=1.18e-05 | gnorm=1.97 | 7.4s | best=0.9489(ep36) | no_improve=2
outputs/logs/train_opt_mix_20260913_144501.log,93,[Epoch 039/039] train_loss=1.3866 train_acc1=62.57% | val_loss=0.4554 val_top1=94.59% val_top5=99.86% macroF1=0.9463 | lr_bb=1.00e-05 lr_head=1.00e-05 | gnorm=1.87 | 7.3s | best=0.9489(ep36) | no_improve=3
outputs/logs/train_opt_randaug_20260913_144056.log,52,[optim] group=backbone_decay     n_params=126  lr=1.000e-04 wd=0.05
outputs/logs/train_opt_randaug_20260913_144056.log,53,[optim] group=backbone_no_decay  n_params=255  lr=1.000e-04 wd=0.0
outputs/logs/train_opt_randaug_20260913_145443.log,9,[optim] group=backbone_decay     n_params=126  lr=1.000e-04 wd=0.05
outputs/logs/train_opt_randaug_20260913_145443.log,10,[optim] group=backbone_no_decay  n_params=255  lr=1.000e-04 wd=0.0
outputs/logs/train_opt_randaug_20260913_145443.log,14,[Epoch 000/039] train_loss=3.6494 train_acc1=2.05% | val_loss=3.6487 val_top1=1.35% val_top5=12.43% macroF1=0.0148 | lr_bb=3.40e-05 lr_head=3.40e-04 | gnorm=1.99 | 54.4s | best=0.0148(ep0) | no_improve=0
outputs/logs/train_opt_randaug_20260913_145443.log,16,[Epoch 001/039] train_loss=3.3726 train_acc1=26.11% | val_loss=2.9350 val_top1=63.24% val_top5=91.22% macroF1=0.6167 | lr_bb=6.70e-05 lr_head=6.70e-04 | gnorm=2.07 | 8.6s | best=0.6167(ep1) | no_improve=0
outputs/logs/train_opt_randaug_20260913_145443.log,18,[Epoch 002/039] train_loss=2.5386 train_acc1=67.95% | val_loss=1.3982 val_top1=84.59% val_top5=99.46% macroF1=0.8371 | lr_bb=1.00e-04 lr_head=1.00e-03 | gnorm=2.24 | 8.7s | best=0.8371(ep2) | no_improve=0
outputs/logs/train_opt_randaug_20260913_145443.log,20,[Epoch 003/039] train_loss=1.5519 train_acc1=81.60% | val_loss=0.5573 val_top1=89.86% val_top5=99.86% macroF1=0.8978 | lr_bb=9.98e-05 lr_head=9.98e-04 | gnorm=2.43 | 8.9s | best=0.8978(ep3) | no_improve=0
outputs/logs/train_opt_randaug_20260913_145443.log,22,[Epoch 004/039] train_loss=1.1674 train_acc1=87.12% | val_loss=0.4330 val_top1=91.62% val_top5=99.86% macroF1=0.9151 | lr_bb=9.94e-05 lr_head=9.93e-04 | gnorm=2.64 | 8.7s | best=0.9151(ep4) | no_improve=0
outputs/logs/train_opt_randaug_20260913_145443.log,24,[Epoch 005/039] train_loss=1.0762 train_acc1=88.89% | val_loss=0.3821 val_top1=91.62% val_top5=99.86% macroF1=0.9155 | lr_bb=9.85e-05 lr_head=9.84e-04 | gnorm=2.70 | 8.7s | best=0.9155(ep5) | no_improve=0
outputs/logs/train_opt_randaug_20260913_145443.log,26,[Epoch 006/039] train_loss=1.0080 train_acc1=91.08% | val_loss=0.3602 val_top1=92.43% val_top5=99.86% macroF1=0.9234 | lr_bb=9.74e-05 lr_head=9.72e-04 | gnorm=2.57 | 9.0s | best=0.9234(ep6) | no_improve=0
outputs/logs/train_opt_randaug_20260913_145443.log,28,[Epoch 007/039] train_loss=0.9682 train_acc1=91.98% | val_loss=0.3532 val_top1=92.43% val_top5=99.73% macroF1=0.9235 | lr_bb=9.60e-05 lr_head=9.56e-04 | gnorm=2.71 | 9.4s | best=0.9235(ep7) | no_improve=0
outputs/logs/train_opt_randaug_20260913_145443.log,30,[Epoch 008/039] train_loss=0.9344 train_acc1=93.68% | val_loss=0.3148 val_top1=92.97% val_top5=99.86% macroF1=0.9299 | lr_bb=9.43e-05 lr_head=9.37e-04 | gnorm=2.69 | 9.2s | best=0.9299(ep8) | no_improve=0
outputs/logs/train_opt_randaug_20260913_145443.log,32,[Epoch 009/039] train_loss=0.9191 train_acc1=93.78% | val_loss=0.3407 val_top1=93.78% val_top5=99.86% macroF1=0.9378 | lr_bb=9.23e-05 lr_head=9.15e-04 | gnorm=2.65 | 9.2s | best=0.9378(ep9) | no_improve=0
outputs/logs/train_opt_randaug_20260913_145443.log,34,[Epoch 010/039] train_loss=0.9192 train_acc1=93.89% | val_loss=0.3334 val_top1=93.38% val_top5=99.73% macroF1=0.9342 | lr_bb=9.00e-05 lr_head=8.90e-04 | gnorm=2.52 | 9.5s | best=0.9378(ep9) | no_improve=1
outputs/logs/train_opt_randaug_20260913_145443.log,36,[Epoch 011/039] train_loss=0.9009 train_acc1=94.55% | val_loss=0.3368 val_top1=93.38% val_top5=99.73% macroF1=0.9335 | lr_bb=8.75e-05 lr_head=8.62e-04 | gnorm=2.71 | 9.6s | best=0.9378(ep9) | no_improve=2
outputs/logs/train_opt_randaug_20260913_145443.log,38,[Epoch 012/039] train_loss=0.8735 train_acc1=95.73% | val_loss=0.3333 val_top1=94.73% val_top5=99.73% macroF1=0.9479 | lr_bb=8.47e-05 lr_head=8.32e-04 | gnorm=2.60 | 9.5s | best=0.9479(ep12) | no_improve=0
outputs/logs/train_opt_randaug_20260913_145443.log,40,[Epoch 013/039] train_loss=0.8550 train_acc1=96.46% | val_loss=0.3338 val_top1=93.78% val_top5=99.59% macroF1=0.9377 | lr_bb=8.18e-05 lr_head=7.99e-04 | gnorm=2.36 | 9.1s | best=0.9479(ep12) | no_improve=1
outputs/logs/train_opt_randaug_20260913_145443.log,42,[Epoch 014/039] train_loss=0.8443 train_acc1=96.42% | val_loss=0.3180 val_top1=93.65% val_top5=99.73% macroF1=0.9368 | lr_bb=7.86e-05 lr_head=7.65e-04 | gnorm=2.46 | 9.6s | best=0.9479(ep12) | no_improve=2
outputs/logs/train_opt_randaug_20260913_145443.log,44,[Epoch 015/039] train_loss=0.8503 train_acc1=96.53% | val_loss=0.3235 val_top1=94.73% val_top5=99.86% macroF1=0.9476 | lr_bb=7.53e-05 lr_head=7.28e-04 | gnorm=2.46 | 9.3s | best=0.9479(ep12) | no_improve=3
outputs/logs/train_opt_randaug_20260913_145443.log,46,[Epoch 016/039] train_loss=0.8441 train_acc1=96.63% | val_loss=0.3216 val_top1=94.46% val_top5=99.73% macroF1=0.9445 | lr_bb=7.18e-05 lr_head=6.90e-04 | gnorm=2.38 | 10.2s | best=0.9479(ep12) | no_improve=4
outputs/logs/train_opt_randaug_20260913_145443.log,48,[Epoch 017/039] train_loss=0.8354 train_acc1=97.12% | val_loss=0.3133 val_top1=94.05% val_top5=99.73% macroF1=0.9401 | lr_bb=6.82e-05 lr_head=6.50e-04 | gnorm=2.37 | 9.8s | best=0.9479(ep12) | no_improve=5
outputs/logs/train_opt_randaug_20260913_145443.log,50,[Epoch 018/039] train_loss=0.8249 train_acc1=97.08% | val_loss=0.3329 val_top1=94.32% val_top5=99.59% macroF1=0.9431 | lr_bb=6.45e-05 lr_head=6.09e-04 | gnorm=1.99 | 10.1s | best=0.9479(ep12) | no_improve=6
outputs/logs/train_opt_randaug_20260913_145443.log,52,[Epoch 019/039] train_loss=0.8251 train_acc1=97.12% | val_loss=0.3314 val_top1=94.05% val_top5=99.73% macroF1=0.9408 | lr_bb=6.07e-05 lr_head=5.68e-04 | gnorm=2.31 | 10.6s | best=0.9479(ep12) | no_improve=7
outputs/logs/train_opt_randaug_20260913_145443.log,54,[Epoch 020/039] train_loss=0.8231 train_acc1=97.47% | val_loss=0.3310 val_top1=94.05% val_top5=99.59% macroF1=0.9402 | lr_bb=5.69e-05 lr_head=5.26e-04 | gnorm=2.39 | 14.2s | best=0.9479(ep12) | no_improve=8
outputs/logs/train_opt_randaug_20260913_145443.log,56,[Epoch 021/039] train_loss=0.8181 train_acc1=97.01% | val_loss=0.3140 val_top1=94.73% val_top5=99.59% macroF1=0.9473 | lr_bb=5.31e-05 lr_head=4.84e-04 | gnorm=2.30 | 9.9s | best=0.9479(ep12) | no_improve=9
outputs/logs/train_opt_randaug_20260913_145443.log,58,[Epoch 022/039] train_loss=0.8144 train_acc1=97.33% | val_loss=0.3220 val_top1=94.46% val_top5=99.86% macroF1=0.9446 | lr_bb=4.93e-05 lr_head=4.42e-04 | gnorm=2.61 | 10.4s | best=0.9479(ep12) | no_improve=10
outputs/logs/train_opt_randaug_20260913_145443.log,60,[Epoch 023/039] train_loss=0.8098 train_acc1=97.33% | val_loss=0.3218 val_top1=94.86% val_top5=99.59% macroF1=0.9488 | lr_bb=4.55e-05 lr_head=4.01e-04 | gnorm=2.17 | 10.5s | best=0.9488(ep23) | no_improve=0
outputs/logs/train_opt_randaug_20260913_145443.log,62,[Epoch 024/039] train_loss=0.8113 train_acc1=97.50% | val_loss=0.3388 val_top1=93.92% val_top5=99.73% macroF1=0.9393 | lr_bb=4.18e-05 lr_head=3.60e-04 | gnorm=2.45 | 10.2s | best=0.9488(ep23) | no_improve=1
outputs/logs/train_opt_randaug_20260913_145443.log,64,[Epoch 025/039] train_loss=0.8094 train_acc1=97.26% | val_loss=0.3208 val_top1=94.05% val_top5=99.86% macroF1=0.9405 | lr_bb=3.82e-05 lr_head=3.20e-04 | gnorm=2.10 | 10.1s | best=0.9488(ep23) | no_improve=2
outputs/logs/train_opt_randaug_20260913_145443.log,66,[Epoch 026/039] train_loss=0.7947 train_acc1=97.81% | val_loss=0.3250 val_top1=94.05% val_top5=99.86% macroF1=0.9404 | lr_bb=3.47e-05 lr_head=2.82e-04 | gnorm=2.28 | 10.9s | best=0.9488(ep23) | no_improve=3
outputs/logs/train_opt_randaug_20260913_145443.log,68,[Epoch 027/039] train_loss=0.7962 train_acc1=98.16% | val_loss=0.3200 val_top1=94.05% val_top5=99.59% macroF1=0.9405 | lr_bb=3.14e-05 lr_head=2.45e-04 | gnorm=1.95 | 9.7s | best=0.9488(ep23) | no_improve=4
outputs/logs/train_opt_randaug_20260913_145443.log,70,[Epoch 028/039] train_loss=0.7952 train_acc1=97.71% | val_loss=0.3275 val_top1=94.32% val_top5=99.86% macroF1=0.9434 | lr_bb=2.82e-05 lr_head=2.11e-04 | gnorm=2.07 | 10.0s | best=0.9488(ep23) | no_improve=5
outputs/logs/train_opt_randaug_20260913_145443.log,72,[Epoch 029/039] train_loss=0.7931 train_acc1=97.85% | val_loss=0.3291 val_top1=94.19% val_top5=99.73% macroF1=0.9421 | lr_bb=2.53e-05 lr_head=1.78e-04 | gnorm=1.96 | 10.0s | best=0.9488(ep23) | no_improve=6
outputs/logs/train_opt_randaug_20260913_145443.log,74,[Epoch 030/039] train_loss=0.7953 train_acc1=97.95% | val_loss=0.3308 val_top1=94.59% val_top5=99.73% macroF1=0.9461 | lr_bb=2.25e-05 lr_head=1.48e-04 | gnorm=2.13 | 10.2s | best=0.9488(ep23) | no_improve=7
outputs/logs/train_opt_randaug_20260913_145443.log,76,[Epoch 031/039] train_loss=0.7972 train_acc1=97.67% | val_loss=0.3255 val_top1=94.46% val_top5=99.73% macroF1=0.9448 | lr_bb=2.00e-05 lr_head=1.20e-04 | gnorm=2.00 | 10.3s | best=0.9488(ep23) | no_improve=8
outputs/logs/train_opt_randaug_20260913_145443.log,78,[Epoch 032/039] train_loss=0.7858 train_acc1=98.26% | val_loss=0.3243 val_top1=94.59% val_top5=99.86% macroF1=0.9462 | lr_bb=1.77e-05 lr_head=9.49e-05 | gnorm=1.85 | 10.6s | best=0.9488(ep23) | no_improve=9
outputs/logs/train_opt_randaug_20260913_145443.log,80,[Epoch 033/039] train_loss=0.7861 train_acc1=98.06% | val_loss=0.3256 val_top1=94.46% val_top5=99.73% macroF1=0.9448 | lr_bb=1.57e-05 lr_head=7.29e-05 | gnorm=1.75 | 11.1s | best=0.9488(ep23) | no_improve=10
outputs/logs/train_opt_randaug_20260913_145443.log,82,[Epoch 034/039] train_loss=0.7903 train_acc1=97.99% | val_loss=0.3231 val_top1=94.32% val_top5=99.86% macroF1=0.9434 | lr_bb=1.40e-05 lr_head=5.39e-05 | gnorm=1.99 | 10.3s | best=0.9488(ep23) | no_improve=11
outputs/logs/train_opt_randaug_20260913_145443.log,84,[Epoch 035/039] train_loss=0.7862 train_acc1=98.12% | val_loss=0.3291 val_top1=94.59% val_top5=99.86% macroF1=0.9462 | lr_bb=1.26e-05 lr_head=3.83e-05 | gnorm=1.93 | 10.6s | best=0.9488(ep23) | no_improve=12
outputs/logs/train_opt_randaug_20260913_145443.log,86,[Epoch 036/039] train_loss=0.7886 train_acc1=98.19% | val_loss=0.3311 val_top1=94.32% val_top5=99.86% macroF1=0.9433 | lr_bb=1.15e-05 lr_head=2.60e-05 | gnorm=1.77 | 11.2s | best=0.9488(ep23) | no_improve=13
outputs/logs/train_opt_randaug_20260913_145443.log,88,[Epoch 037/039] train_loss=0.7821 train_acc1=98.19% | val_loss=0.3269 val_top1=94.73% val_top5=99.86% macroF1=0.9474 | lr_bb=1.06e-05 lr_head=1.71e-05 | gnorm=1.77 | 11.1s | best=0.9488(ep23) | no_improve=14
outputs/logs/train_opt_randaug_20260913_145443.log,90,[Epoch 038/039] train_loss=0.7847 train_acc1=98.30% | val_loss=0.3245 val_top1=94.32% val_top5=100.00% macroF1=0.9433 | lr_bb=1.02e-05 lr_head=1.18e-05 | gnorm=1.90 | 10.6s | best=0.9488(ep23) | no_improve=15
outputs/logs/train_opt_randaug_20260913_145443.log,92,[Epoch 039/039] train_loss=0.7815 train_acc1=98.19% | val_loss=0.3341 val_top1=94.59% val_top5=99.73% macroF1=0.9461 | lr_bb=1.00e-05 lr_head=1.00e-05 | gnorm=1.77 | 11.0s | best=0.9488(ep23) | no_improve=16
outputs/logs/train_opt_randaug_20260913_150447.log,10,[optim] group=backbone_decay     n_params=126  lr=1.000e-04 wd=0.05
outputs/logs/train_opt_randaug_20260913_150447.log,11,[optim] group=backbone_no_decay  n_params=255  lr=1.000e-04 wd=0.0
outputs/logs/train_opt_randaug_20260913_150447.log,15,[Epoch 000/039] train_loss=3.6494 train_acc1=2.05% | val_loss=3.6488 val_top1=1.35% val_top5=12.43% macroF1=0.0148 | lr_bb=3.40e-05 lr_head=3.40e-04 | gnorm=2.00 | 57.9s | best=0.0148(ep0) | no_improve=0
outputs/logs/train_opt_randaug_20260913_150447.log,17,[Epoch 001/039] train_loss=3.3751 train_acc1=25.80% | val_loss=2.9420 val_top1=62.43% val_top5=91.08% macroF1=0.6098 | lr_bb=6.70e-05 lr_head=6.70e-04 | gnorm=2.12 | 8.8s | best=0.6098(ep1) | no_improve=0
outputs/logs/train_opt_randaug_20260913_150447.log,19,[Epoch 002/039] train_loss=2.5461 train_acc1=67.81% | val_loss=1.4093 val_top1=84.59% val_top5=99.46% macroF1=0.8374 | lr_bb=1.00e-04 lr_head=1.00e-03 | gnorm=2.25 | 9.2s | best=0.8374(ep2) | no_improve=0
outputs/logs/train_opt_randaug_20260913_150447.log,21,[Epoch 003/039] train_loss=1.5649 train_acc1=81.56% | val_loss=0.5656 val_top1=89.73% val_top5=99.86% macroF1=0.8958 | lr_bb=9.98e-05 lr_head=9.98e-04 | gnorm=2.60 | 9.5s | best=0.8958(ep3) | no_improve=0
outputs/logs/train_opt_randaug_20260913_150447.log,23,[Epoch 004/039] train_loss=1.1721 train_acc1=86.94% | val_loss=0.4328 val_top1=91.35% val_top5=99.86% macroF1=0.9125 | lr_bb=9.94e-05 lr_head=9.93e-04 | gnorm=2.53 | 10.8s | best=0.9125(ep4) | no_improve=0
outputs/logs/train_opt_randaug_20260913_150447.log,25,[Epoch 005/039] train_loss=1.0755 train_acc1=89.03% | val_loss=0.3836 val_top1=92.16% val_top5=99.86% macroF1=0.9206 | lr_bb=9.85e-05 lr_head=9.84e-04 | gnorm=2.73 | 10.4s | best=0.9206(ep5) | no_improve=0
outputs/logs/train_opt_randaug_20260913_150447.log,27,[Epoch 006/039] train_loss=1.0073 train_acc1=90.87% | val_loss=0.3649 val_top1=92.57% val_top5=99.86% macroF1=0.9247 | lr_bb=9.74e-05 lr_head=9.72e-04 | gnorm=2.60 | 10.6s | best=0.9247(ep6) | no_improve=0
outputs/logs/train_opt_randaug_20260913_150447.log,29,[Epoch 007/039] train_loss=0.9690 train_acc1=92.12% | val_loss=0.3547 val_top1=92.70% val_top5=99.86% macroF1=0.9262 | lr_bb=9.60e-05 lr_head=9.56e-04 | gnorm=2.64 | 9.7s | best=0.9262(ep7) | no_improve=0
outputs/logs/train_opt_randaug_20260913_150447.log,31,[Epoch 008/039] train_loss=0.9341 train_acc1=93.51% | val_loss=0.3147 val_top1=92.84% val_top5=99.86% macroF1=0.9284 | lr_bb=9.43e-05 lr_head=9.37e-04 | gnorm=2.71 | 9.2s | best=0.9284(ep8) | no_improve=0
outputs/logs/train_opt_randaug_20260913_150447.log,33,[Epoch 009/039] train_loss=0.9172 train_acc1=93.82% | val_loss=0.3430 val_top1=94.05% val_top5=99.86% macroF1=0.9405 | lr_bb=9.23e-05 lr_head=9.15e-04 | gnorm=2.62 | 10.5s | best=0.9405(ep9) | no_improve=0
outputs/logs/train_opt_randaug_20260913_150447.log,35,[Epoch 010/039] train_loss=0.9181 train_acc1=93.89% | val_loss=0.3297 val_top1=93.24% val_top5=99.73% macroF1=0.9328 | lr_bb=9.00e-05 lr_head=8.90e-04 | gnorm=2.78 | 10.8s | best=0.9405(ep9) | no_improve=1
outputs/logs/train_opt_randaug_20260913_150447.log,37,[Epoch 011/039] train_loss=0.9009 train_acc1=94.55% | val_loss=0.3376 val_top1=93.65% val_top5=99.59% macroF1=0.9365 | lr_bb=8.75e-05 lr_head=8.62e-04 | gnorm=2.72 | 10.0s | best=0.9405(ep9) | no_improve=2
outputs/logs/train_opt_randaug_20260913_150447.log,39,[Epoch 012/039] train_loss=0.8736 train_acc1=95.69% | val_loss=0.3331 val_top1=94.32% val_top5=99.59% macroF1=0.9439 | lr_bb=8.47e-05 lr_head=8.32e-04 | gnorm=2.40 | 10.0s | best=0.9439(ep12) | no_improve=0
outputs/logs/train_opt_randaug_20260913_150447.log,41,[Epoch 013/039] train_loss=0.8542 train_acc1=96.39% | val_loss=0.3323 val_top1=94.19% val_top5=99.59% macroF1=0.9419 | lr_bb=8.18e-05 lr_head=7.99e-04 | gnorm=2.26 | 10.1s | best=0.9439(ep12) | no_improve=1
outputs/logs/train_opt_randaug_20260913_150447.log,43,[Epoch 014/039] train_loss=0.8440 train_acc1=96.53% | val_loss=0.3200 val_top1=93.92% val_top5=99.73% macroF1=0.9396 | lr_bb=7.86e-05 lr_head=7.65e-04 | gnorm=2.37 | 10.1s | best=0.9439(ep12) | no_improve=2
outputs/logs/train_opt_randaug_20260913_150447.log,45,[Epoch 015/039] train_loss=0.8500 train_acc1=96.42% | val_loss=0.3242 val_top1=94.86% val_top5=99.73% macroF1=0.9491 | lr_bb=7.53e-05 lr_head=7.28e-04 | gnorm=2.49 | 9.6s | best=0.9491(ep15) | no_improve=0
outputs/logs/train_opt_randaug_20260913_150447.log,47,[Epoch 016/039] train_loss=0.8433 train_acc1=96.70% | val_loss=0.3256 val_top1=94.46% val_top5=100.00% macroF1=0.9449 | lr_bb=7.18e-05 lr_head=6.90e-04 | gnorm=2.25 | 9.4s | best=0.9491(ep15) | no_improve=1
outputs/logs/train_opt_randaug_20260913_150447.log,49,[Epoch 017/039] train_loss=0.8351 train_acc1=96.94% | val_loss=0.3216 val_top1=94.46% val_top5=99.73% macroF1=0.9446 | lr_bb=6.82e-05 lr_head=6.50e-04 | gnorm=2.43 | 9.4s | best=0.9491(ep15) | no_improve=2
outputs/logs/train_opt_randaug_20260913_150447.log,51,[Epoch 018/039] train_loss=0.8256 train_acc1=97.12% | val_loss=0.3339 val_top1=94.19% val_top5=99.59% macroF1=0.9419 | lr_bb=6.45e-05 lr_head=6.09e-04 | gnorm=2.02 | 10.3s | best=0.9491(ep15) | no_improve=3
outputs/logs/train_opt_randaug_20260913_150447.log,53,[Epoch 019/039] train_loss=0.8248 train_acc1=97.08% | val_loss=0.3345 val_top1=94.32% val_top5=99.59% macroF1=0.9436 | lr_bb=6.07e-05 lr_head=5.68e-04 | gnorm=2.29 | 9.6s | best=0.9491(ep15) | no_improve=4
outputs/logs/train_opt_randaug_20260913_150447.log,55,[Epoch 020/039] train_loss=0.8221 train_acc1=97.60% | val_loss=0.3432 val_top1=93.92% val_top5=99.59% macroF1=0.9391 | lr_bb=5.69e-05 lr_head=5.26e-04 | gnorm=2.29 | 9.6s | best=0.9491(ep15) | no_improve=5
outputs/logs/train_opt_randaug_20260913_150447.log,57,[Epoch 021/039] train_loss=0.8182 train_acc1=97.19% | val_loss=0.3191 val_top1=94.86% val_top5=99.73% macroF1=0.9489 | lr_bb=5.31e-05 lr_head=4.84e-04 | gnorm=2.28 | 9.5s | best=0.9491(ep15) | no_improve=6
outputs/logs/train_opt_randaug_20260913_150447.log,59,[Epoch 022/039] train_loss=0.8136 train_acc1=97.22% | val_loss=0.3284 val_top1=94.46% val_top5=99.86% macroF1=0.9446 | lr_bb=4.93e-05 lr_head=4.42e-04 | gnorm=2.49 | 10.1s | best=0.9491(ep15) | no_improve=7
outputs/logs/train_opt_randaug_20260913_150447.log,61,[Epoch 023/039] train_loss=0.8095 train_acc1=97.26% | val_loss=0.3300 val_top1=95.00% val_top5=99.73% macroF1=0.9502 | lr_bb=4.55e-05 lr_head=4.01e-04 | gnorm=2.26 | 9.5s | best=0.9502(ep23) | no_improve=0
outputs/logs/train_opt_randaug_20260913_150447.log,63,[Epoch 024/039] train_loss=0.8109 train_acc1=97.57% | val_loss=0.3463 val_top1=94.05% val_top5=99.59% macroF1=0.9404 | lr_bb=4.18e-05 lr_head=3.60e-04 | gnorm=2.41 | 10.1s | best=0.9502(ep23) | no_improve=1
outputs/logs/train_opt_randaug_20260913_150447.log,65,[Epoch 025/039] train_loss=0.8092 train_acc1=97.05% | val_loss=0.3262 val_top1=94.19% val_top5=99.86% macroF1=0.9419 | lr_bb=3.82e-05 lr_head=3.20e-04 | gnorm=2.19 | 10.3s | best=0.9502(ep23) | no_improve=2
outputs/logs/train_opt_randaug_20260913_150447.log,67,[Epoch 026/039] train_loss=0.7945 train_acc1=97.99% | val_loss=0.3326 val_top1=93.65% val_top5=100.00% macroF1=0.9365 | lr_bb=3.47e-05 lr_head=2.82e-04 | gnorm=2.11 | 10.9s | best=0.9502(ep23) | no_improve=3
outputs/logs/train_opt_randaug_20260913_150447.log,69,[Epoch 027/039] train_loss=0.7953 train_acc1=98.09% | val_loss=0.3279 val_top1=94.05% val_top5=99.59% macroF1=0.9405 | lr_bb=3.14e-05 lr_head=2.45e-04 | gnorm=1.98 | 10.2s | best=0.9502(ep23) | no_improve=4
outputs/logs/train_opt_randaug_20260913_150447.log,71,[Epoch 028/039] train_loss=0.7954 train_acc1=97.74% | val_loss=0.3338 val_top1=94.73% val_top5=99.86% macroF1=0.9474 | lr_bb=2.82e-05 lr_head=2.11e-04 | gnorm=2.08 | 10.0s | best=0.9502(ep23) | no_improve=5
outputs/logs/train_opt_randaug_20260913_150447.log,73,[Epoch 029/039] train_loss=0.7921 train_acc1=98.12% | val_loss=0.3405 val_top1=94.46% val_top5=99.73% macroF1=0.9447 | lr_bb=2.53e-05 lr_head=1.78e-04 | gnorm=1.97 | 10.0s | best=0.9502(ep23) | no_improve=6
outputs/logs/train_opt_randaug_20260913_150447.log,75,[Epoch 030/039] train_loss=0.7943 train_acc1=97.85% | val_loss=0.3400 val_top1=94.32% val_top5=99.73% macroF1=0.9434 | lr_bb=2.25e-05 lr_head=1.48e-04 | gnorm=2.08 | 10.8s | best=0.9502(ep23) | no_improve=7
outputs/logs/train_opt_randaug_20260913_150447.log,77,[Epoch 031/039] train_loss=0.7975 train_acc1=97.67% | val_loss=0.3361 val_top1=94.73% val_top5=100.00% macroF1=0.9475 | lr_bb=2.00e-05 lr_head=1.20e-04 | gnorm=2.09 | 10.1s | best=0.9502(ep23) | no_improve=8
outputs/logs/train_opt_randaug_20260913_150447.log,79,[Epoch 032/039] train_loss=0.7852 train_acc1=98.16% | val_loss=0.3331 val_top1=94.59% val_top5=99.86% macroF1=0.9461 | lr_bb=1.77e-05 lr_head=9.49e-05 | gnorm=1.86 | 11.0s | best=0.9502(ep23) | no_improve=9
outputs/logs/train_opt_randaug_20260913_150447.log,81,[Epoch 033/039] train_loss=0.7858 train_acc1=98.16% | val_loss=0.3342 val_top1=94.19% val_top5=99.86% macroF1=0.9420 | lr_bb=1.57e-05 lr_head=7.29e-05 | gnorm=1.76 | 11.9s | best=0.9502(ep23) | no_improve=10
outputs/logs/train_opt_randaug_20260913_150447.log,83,[Epoch 034/039] train_loss=0.7910 train_acc1=97.95% | val_loss=0.3317 val_top1=94.46% val_top5=99.86% macroF1=0.9448 | lr_bb=1.40e-05 lr_head=5.39e-05 | gnorm=1.96 | 11.8s | best=0.9502(ep23) | no_improve=11
outputs/logs/train_opt_randaug_20260913_150447.log,85,[Epoch 035/039] train_loss=0.7862 train_acc1=98.12% | val_loss=0.3377 val_top1=94.46% val_top5=99.86% macroF1=0.9448 | lr_bb=1.26e-05 lr_head=3.83e-05 | gnorm=2.02 | 12.0s | best=0.9502(ep23) | no_improve=12
outputs/logs/train_opt_randaug_20260913_150447.log,87,[Epoch 036/039] train_loss=0.7885 train_acc1=98.26% | val_loss=0.3362 val_top1=94.19% val_top5=99.86% macroF1=0.9420 | lr_bb=1.15e-05 lr_head=2.60e-05 | gnorm=1.79 | 11.2s | best=0.9502(ep23) | no_improve=13
outputs/logs/train_opt_randaug_20260913_150447.log,89,[Epoch 037/039] train_loss=0.7814 train_acc1=98.12% | val_loss=0.3336 val_top1=94.59% val_top5=100.00% macroF1=0.9460 | lr_bb=1.06e-05 lr_head=1.71e-05 | gnorm=1.77 | 11.3s | best=0.9502(ep23) | no_improve=14
outputs/logs/train_opt_randaug_20260913_150447.log,91,[Epoch 038/039] train_loss=0.7845 train_acc1=98.30% | val_loss=0.3309 val_top1=94.59% val_top5=100.00% macroF1=0.9460 | lr_bb=1.02e-05 lr_head=1.18e-05 | gnorm=1.90 | 11.5s | best=0.9502(ep23) | no_improve=15
outputs/logs/train_opt_randaug_20260913_150447.log,93,[Epoch 039/039] train_loss=0.7813 train_acc1=98.16% | val_loss=0.3450 val_top1=94.46% val_top5=100.00% macroF1=0.9449 | lr_bb=1.00e-05 lr_head=1.00e-05 | gnorm=1.77 | 11.2s | best=0.9502(ep23) | no_improve=16
outputs/metrics/check_cm.json,25,"""tol_rounding"": 1.85e-05,"
outputs/metrics/check_cm.json,26,"""tol_effective"": 1.85e-05,"
outputs/metrics/consistency_repvit_m0_9_in1k.json,10,"""max_abs_logits"": 1.71661376953125e-05,"
outputs/metrics/consistency_repvit_m0_9_in1k.json,11,"""mean_abs_logits"": 2.360081756099438e-06,"
outputs/metrics/consistency_repvit_m0_9_in1k.json,18,"""max_abs_logits"": 0.001"
outputs/metrics/consistency_repvit_m0_9_pet37.json,10,"""max_abs_logits"": 6.198883056640625e-06,"
outputs/metrics/consistency_repvit_m0_9_pet37.json,11,"""mean_abs_logits"": 1.5006899711048998e-06,"
outputs/metrics/consistency_repvit_m0_9_pet37.json,18,"""max_abs_logits"": 0.001"
outputs/metrics/consistency_repvit_m1_0_in1k.json,10,"""max_abs_logits"": 1.811981201171875e-05,"
outputs/metrics/consistency_repvit_m1_0_in1k.json,11,"""mean_abs_logits"": 2.4635197632960626e-06,"
outputs/metrics/consistency_repvit_m1_0_in1k.json,18,"""max_abs_logits"": 0.001"
outputs/metrics/probe_route.json,122,"""main_head_logits"": {"
outputs/metrics/probe_route.json,127,"""distill_avg_logits"": {"
outputs/metrics/selfcheck_report.json,13,"""title"": ""PyTorch vs ONNX 一致率 >= 0.99"","
outputs/metrics/selfcheck_report.json,20,"""title"": ""一致性用真实图片计算"","
outputs/metrics/selfcheck_report.json,29,"""detail"": ""BN 107->0 max|Δlogits|=7.092952728271484e-06 Top-1一致=1.0 权重完整=True 整体判定=True"","
outputs/pretrained_eval/repvit_m0_9/metrics.json,44,"""fuse_max_abs_logits_diff"": 3.072619438171387e-05,"
outputs/pretrained_eval/repvit_m0_9/top5_samples.json,16,"""prob"": 1.278489889955381e-05"
outputs/pretrained_eval/repvit_m0_9/top5_samples.json,21,"""prob"": 7.057094535412034e-07"
outputs/pretrained_eval/repvit_m0_9/top5_samples.json,26,"""prob"": 5.195681183067791e-07"
outputs/pretrained_eval/repvit_m0_9/top5_samples.json,31,"""prob"": 1.7303163701853919e-07"
outputs/pretrained_eval/repvit_m0_9/top5_samples.json,49,"""prob"": 5.747682735091075e-06"
outputs/pretrained_eval/repvit_m0_9/top5_samples.json,54,"""prob"": 3.3976946269831387e-06"
outputs/pretrained_eval/repvit_m0_9/top5_samples.json,59,"""prob"": 1.981969262487837e-06"
outputs/pretrained_eval/repvit_m0_9/top5_samples.json,64,"""prob"": 1.5652028650947614e-06"
outputs/pretrained_eval/repvit_m0_9/top5_samples.json,87,"""prob"": 6.257210770854726e-05"
outputs/pretrained_eval/repvit_m0_9/top5_samples.json,92,"""prob"": 5.3152900363784283e-05"
outputs/pretrained_eval/repvit_m0_9/top5_samples.json,97,"""prob"": 4.828871169593185e-05"
outputs/pretrained_eval/repvit_m1_0/metrics.json,44,"""fuse_max_abs_logits_diff"": 3.2901763916015625e-05,"
outputs/pretrained_eval/repvit_m1_0/top5_samples.json,16,"""prob"": 5.786012116004713e-05"
outputs/pretrained_eval/repvit_m1_0/top5_samples.json,21,"""prob"": 3.272642061347142e-06"
outputs/pretrained_eval/repvit_m1_0/top5_samples.json,26,"""prob"": 1.3570953569796984e-06"
outputs/pretrained_eval/repvit_m1_0/top5_samples.json,31,"""prob"": 9.020947118187905e-07"
outputs/pretrained_eval/repvit_m1_0/top5_samples.json,49,"""prob"": 1.1360159078321885e-05"
outputs/pretrained_eval/repvit_m1_0/top5_samples.json,54,"""prob"": 9.690752449387219e-06"
outputs/pretrained_eval/repvit_m1_0/top5_samples.json,59,"""prob"": 6.4711507548054215e-06"
outputs/pretrained_eval/repvit_m1_0/top5_samples.json,64,"""prob"": 4.691176400228869e-06"
outputs/pretrained_eval/repvit_m1_0/top5_samples.json,87,"""prob"": 8.694708230905235e-05"
outputs/pretrained_eval/repvit_m1_0/top5_samples.json,92,"""prob"": 4.280597568140365e-05"
outputs/pretrained_eval/repvit_m1_0/top5_samples.json,97,"""prob"": 3.1641895475331694e-05"
outputs/pretrained_eval/repvit_m1_1/metrics.json,44,"""fuse_max_abs_logits_diff"": 2.2172927856445312e-05,"
outputs/pretrained_eval/repvit_m1_1/top5_samples.json,16,"""prob"": 3.5465338896756293e-06"
outputs/pretrained_eval/repvit_m1_1/top5_samples.json,21,"""prob"": 2.7614532882580534e-06"
outputs/pretrained_eval/repvit_m1_1/top5_samples.json,26,"""prob"": 1.464123329242284e-06"
outputs/pretrained_eval/repvit_m1_1/top5_samples.json,31,"""prob"": 1.350908178210375e-06"
outputs/pretrained_eval/repvit_m1_1/top5_samples.json,49,"""prob"": 2.3233901629282627e-06"
outputs/pretrained_eval/repvit_m1_1/top5_samples.json,54,"""prob"": 1.5633962675565272e-06"
outputs/pretrained_eval/repvit_m1_1/top5_samples.json,59,"""prob"": 1.2290082622712362e-06"
outputs/pretrained_eval/repvit_m1_1/top5_samples.json,64,"""prob"": 8.076013955360395e-07"
outputs/pretrained_eval/repvit_m1_5/metrics.json,44,"""fuse_max_abs_logits_diff"": 2.586841583251953e-05,"
outputs/pretrained_eval/repvit_m1_5/top5_samples.json,16,"""prob"": 9.117844456341118e-05"
outputs/pretrained_eval/repvit_m1_5/top5_samples.json,21,"""prob"": 5.932071144343354e-05"
outputs/pretrained_eval/repvit_m1_5/top5_samples.json,26,"""prob"": 5.1917246310040355e-05"
outputs/pretrained_eval/repvit_m1_5/top5_samples.json,31,"""prob"": 2.5490488042123616e-05"
outputs/pretrained_eval/repvit_m1_5/top5_samples.json,54,"""prob"": 4.514328975346871e-05"
outputs/pretrained_eval/repvit_m1_5/top5_samples.json,59,"""prob"": 2.7426625820226036e-05"
outputs/pretrained_eval/repvit_m1_5/top5_samples.json,64,"""prob"": 2.0653955289162695e-05"
outputs/pretrained_eval/repvit_m1_5/top5_samples.json,92,"""prob"": 4.0349288610741496e-05"
outputs/pretrained_eval/repvit_m1_5/top5_samples.json,97,"""prob"": 3.838519478449598e-05"
outputs/pretrained_eval/repvit_m2_3/metrics.json,44,"""fuse_max_abs_logits_diff"": 5.924701690673828e-05,"
outputs/pretrained_eval/repvit_m2_3/top5_samples.json,21,"""prob"": 4.153842837695265e-06"
outputs/pretrained_eval/repvit_m2_3/top5_samples.json,26,"""prob"": 1.6965044551398023e-06"
outputs/pretrained_eval/repvit_m2_3/top5_samples.json,31,"""prob"": 1.5820220369278104e-06"
outputs/pretrained_eval/repvit_m2_3/top5_samples.json,49,"""prob"": 4.320708831073716e-05"
outputs/pretrained_eval/repvit_m2_3/top5_samples.json,54,"""prob"": 1.6144016626640223e-05"
outputs/pretrained_eval/repvit_m2_3/top5_samples.json,59,"""prob"": 1.2337529369688127e-05"
outputs/pretrained_eval/repvit_m2_3/top5_samples.json,64,"""prob"": 1.0088803719554562e-05"
outputs/reparam/logits_diff.json,4,"""max_abs_err"": 7.092952728271484e-06,"
outputs/reparam/logits_diff.json,5,"""mean_abs_err"": 2.030726818702533e-06,"
outputs/reparam/logits_diff.json,8,"""logits_abs_max"": 1.399425983428955,"
outputs/reparam/repvit_m0_9_pet37_reparam_report.json,168,"""max_abs_err"": 7.092952728271484e-06,"
outputs/reparam/repvit_m0_9_pet37_reparam_report.json,169,"""mean_abs_err"": 2.030726818702533e-06,"
outputs/reparam/repvit_m0_9_pet37_reparam_report.json,172,"""logits_abs_max"": 1.399425983428955,"
outputs/reparam/repvit_m0_9_pet37_reparam_report.json,196,"""max_abs_err"": 7.092952728271484e-06,"
outputs/reparam/repvit_m0_9_pet37_reparam_report.json,197,"""mean_abs_err"": 2.030726818702533e-06,"
outputs/reparam/repvit_m0_9_pet37_reparam_report.json,200,"""max_abs_err"": 7.092952728271484e-06,"
outputs/reparam/repvit_m0_9_pet37_reparam_report.json,201,"""mean_abs_err"": 2.030726818702533e-06,"
outputs/reparam/repvit_m0_9_reparam_report.json,209,"""max_abs_err"": 4.991888999938965e-07,"
outputs/reparam/repvit_m0_9_reparam_report.json,210,"""mean_abs_err"": 5.673758352031655e-08,"
outputs/reparam/repvit_m0_9_reparam_report.json,213,"""logits_abs_max"": 0.7404507398605347,"
outputs/reparam/repvit_m0_9_reparam_report.json,237,"""max_abs_err"": 4.991888999938965e-07,"
outputs/reparam/repvit_m0_9_reparam_report.json,238,"""mean_abs_err"": 5.673758352031655e-08,"
outputs/reparam/repvit_m0_9_reparam_report.json,241,"""max_abs_err"": 4.991888999938965e-07,"
outputs/reparam/repvit_m0_9_reparam_report.json,242,"""mean_abs_err"": 5.673758352031655e-08,"
outputs/report_assets/table_figures.csv,12,"figures/reparam_graph_nodes.png,重参数化前后 ONNX 算子数对比（BN/Conv/Add）,报告第 12 节 / PPT 第 11 页,tools/reparam_verify.py,缺失,"
outputs/report_assets/table_figures.md,13,| figures/reparam_graph_nodes.png | 重参数化前后 ONNX 算子数对比（BN/Conv/Add） | 报告第 12 节 / PPT 第 11 页 | tools/reparam_verify.py | 缺失 |  |
report.pdf,page 2,............................................................ 18  十二、结构重参数化 .................................................................................................................................
report.pdf,page 3,":2307.09283, CVPR 2024），基于官方开源项目完成 RepViT 模型的运行评价、  迁移训练、模型优化、结果可视化、结构重参数化和 ONNX 部署。  论文特别强调：RepViT 虽然名称中含有 ""ViT""，但其本质是一个吸收轻量 ViT 设计经验的  纯卷积神经网络，不含自注意力模块。这一点是全部结构分析的出发点。  1.2 复现范围（明确做了什么、没做什么）  范围  内容  做 "
report.pdf,page 3,ford-IIIT Pet 37 类上的迁移训练；4 组控制变量优化实验与 3 组组合消融；曲线/混淆矩阵/Grad-CAM 可 视化；结构重参数化数值验证；3 个 ONNX 模型的多模型 CPU 部署与性能测试  不做  不在完整 ImageNet-1K 上从头训练；不追求复现论文的 300/450 epochs 精度；不做第八章拓展任务（INT8 量化、 知识蒸馏、剪枝、多随机种子、边缘设备部署、核心
report.pdf,page 4,"（不含任何分类头）  4,717,792    融合后单头（C=1000 / C=37）  5,067,056 / 4,696,301 结构重参数化之后    MACs 亦有 thop 与 fvcore 两种口径：thop = 847,050,816（0.847 GMACs），  fvcore = 832,165,824（同口径，不是 2 倍）。    二、RepViT 论文核心思路  2.1 为什么叫「"
report.pdf,page 8,RepViT 轻量图像分类模型复现、优化与多模型部署 ·   第 8 页 共 32 页  融合后延迟明显低于未融合，这是结构重参数化在 PyTorch 侧的直接收益  （M0.9 未融合 15.51 ms → 融合后 7.97 ms，降 48.6%；M1.0 降 62.3%）。  注意：官方公布的 iPhone 12 延迟（0.9 ms / 1.0 ms）与本机延迟不可直接比较——  设备
report.pdf,page 13,一批固定输入上，  官方 .pth + vendored 官方实现 与 timm-HF 权重 + timm 实现，  在池化特征 / 主头 logits / 蒸馏平均 logits 三个口径上 max|Δ| = 0.000e+00。  因此不需要手写 713→389 的键转换器，迁移训练可以安全地从 timm 侧权重起步。  证据：outputs/metrics/weight_load_report.json
report.pdf,page 13,pth + vendored 官方实现 与 timm-HF 权重 + timm 实现，  在池化特征 / 主头 logits / 蒸馏平均 logits 三个口径上 max|Δ| = 0.000e+00。  因此不需要手写 713→389 的键转换器，迁移训练可以安全地从 timm 侧权重起步。  证据：outputs/metrics/weight_load_report.json 的 equivalence
report.pdf,page 18,"d-cam），依据  Selvaraju et al., Grad-CAM, ICCV 2017 的公式 (1)(2)：  先对目标类别的 logits 反传得到特征图梯度，对梯度做全局平均得到通道权重，  加权求和后过 ReLU，再双线性插值回输入尺寸，最后逐样本 min-max 归一化到 [0,1]。  挂载层的选择（两套实现、两个粒度）：  --which  层  形状  A（默认）  stages[-"
report.pdf,page 20,p_deep.py）显示模型的置信度系统性偏高，  温度缩放（temperature scaling）可显著降低 ECE。    十二、结构重参数化  12.1 训练态 RepViT Block 包含哪些分支  每个 Block 的 Token Mixer（RepVGGDW） 在训练态包含：  ●  3×3 depthwise 卷积分支（含 BN）  ●  1×1 depthwise 卷积分支（含 BN）
report.pdf,page 21,-out-dir outputs/reparam  指标  Pet-37 模型  M0.9 官方 C=1000  max_abs_err  7.093e-06  2.265e-06  mean_abs_err  2.031e-06  4.108e-07  top1_identical  True（32/32）  True（32/32）  Top-5 最小重合  5 / 5  5 / 5  BN 模块数  108 →
report.pdf,page 21,tputs/reparam  指标  Pet-37 模型  M0.9 官方 C=1000  max_abs_err  7.093e-06  2.265e-06  mean_abs_err  2.031e-06  4.108e-07  top1_identical  True（32/32）  True（32/32）  Top-5 最小重合  5 / 5  5 / 5  BN 模块数  108 → 0  108 → 0
report.pdf,page 21," 模型  M0.9 官方 C=1000  max_abs_err  7.093e-06  2.265e-06  mean_abs_err  2.031e-06  4.108e-07  top1_identical  True（32/32）  True（32/32）  Top-5 最小重合  5 / 5  5 / 5  BN 模块数  108 → 0  108 → 0  参数量  4,732,805 → 4,696,"
report.pdf,page 21,"方 C=1000  max_abs_err  7.093e-06  2.265e-06  mean_abs_err  2.031e-06  4.108e-07  top1_identical  True（32/32）  True（32/32）  Top-5 最小重合  5 / 5  5 / 5  BN 模块数  108 → 0  108 → 0  参数量  4,732,805 → 4,696,301（净减 36,5"
report.pdf,page 21,"422,272）  ONNX 节点  BatchNormalization 0、Conv 103（未融合 126，少 23）  同上    重参数化是否减少理论参数量：会，但减少的是推理态的参数量。  M0.9 从「未融合双头 C=1000」的 5,489,328 降到「融合后单头 C=1000」的 5,067,056，  净减 422,272 = 蒸馏头 385,768 + BN 折进卷积后消失的 36"
report.pdf,page 22,RepViT 轻量图像分类模型复现、优化与多模型部署 ·   第 22 页 共 32 页  12.5 重参数化对 ONNX 算子图的影响  指标  训练态图  推理态图  变化  节点总数  480  387  −93  BatchNormalization  24  0  −24  Conv  126  103  −23  文件大小  较大  较小  见  outp
report.pdf,page 23, bug 会在两侧同时出现，一致率误差恒为 0，反而掩盖了问题。  只有两份实现互相独立，compare_torch_onnx.py 报出的一致性误差才是有意义的证据。  13.3 PyTorch 与 ONNX 一致性  指标  repvit_m0_9_pet37  最大 logits 绝对误差  6.199e-06  平均 logits 绝对误差  1.501e-06  Top-1 类别是否一致  是
report.pdf,page 23, 0，反而掩盖了问题。  只有两份实现互相独立，compare_torch_onnx.py 报出的一致性误差才是有意义的证据。  13.3 PyTorch 与 ONNX 一致性  指标  repvit_m0_9_pet37  最大 logits 绝对误差  6.199e-06  平均 logits 绝对误差  1.501e-06  Top-1 类别是否一致  是（100.00%）  Top-5 集合是否基本一致  是（100
report.pdf,page 23,两份实现互相独立，compare_torch_onnx.py 报出的一致性误差才是有意义的证据。  13.3 PyTorch 与 ONNX 一致性  指标  repvit_m0_9_pet37  最大 logits 绝对误差  6.199e-06  平均 logits 绝对误差  1.501e-06  Top-1 类别是否一致  是（100.00%）  Top-5 集合是否基本一致  是（100.00%
report.pdf,page 23,报出的一致性误差才是有意义的证据。  13.3 PyTorch 与 ONNX 一致性  指标  repvit_m0_9_pet37  最大 logits 绝对误差  6.199e-06  平均 logits 绝对误差  1.501e-06  Top-1 类别是否一致  是（100.00%）  Top-5 集合是否基本一致  是（100.00%）  固定测试集 Top-1 一致率  1.000（≥ 0.99 ✓
report.pdf,page 23,的证据。  13.3 PyTorch 与 ONNX 一致性  指标  repvit_m0_9_pet37  最大 logits 绝对误差  6.199e-06  平均 logits 绝对误差  1.501e-06  Top-1 类别是否一致  是（100.00%）  Top-5 集合是否基本一致  是（100.00%）  固定测试集 Top-1 一致率  1.000（≥ 0.99 ✓）    一致率为 100%，说
report.pdf,page 23,orch 与 ONNX 一致性  指标  repvit_m0_9_pet37  最大 logits 绝对误差  6.199e-06  平均 logits 绝对误差  1.501e-06  Top-1 类别是否一致  是（100.00%）  Top-5 集合是否基本一致  是（100.00%）  固定测试集 Top-1 一致率  1.000（≥ 0.99 ✓）    一致率为 100%，说明没有出现题目列出的九
report.pdf,page 23,致性  指标  repvit_m0_9_pet37  最大 logits 绝对误差  6.199e-06  平均 logits 绝对误差  1.501e-06  Top-1 类别是否一致  是（100.00%）  Top-5 集合是否基本一致  是（100.00%）  固定测试集 Top-1 一致率  1.000（≥ 0.99 ✓）    一致率为 100%，说明没有出现题目列出的九类典型问题  （Resize/C
report.pdf,page 23,B/BGR 通道、插值方式、mean/std、Softmax 维度、  eval 模式、BN 状态、导出方式、数值精度）。  13.4 结构重参数化在部署侧的体现  导出的三个 ONNX 模型全部是推理态（图内 BatchNormalization = 0、Conv = 103）。  导出脚本 deploy/export_onnx.py 的顺序不可交换：  
report.pdf,page 26,类模型复现、优化与多模型部署 ·   第 26 页 共 32 页  ② 实测证明 timm/HF 权重与官方 ckpt 逐位相同（max|Δlogits| = 0），  因此迁移训练可以直接从 timm 侧权重起步，省去手写 713→389 键转换器（约 1–3 小时）。  15.2 data/provided/ 是规格书虚构的路径  问题：规格书要求读取考核方放在 data/provided/ 的输入，但该
report.pdf,page 27,、Macro-F1 = 92.14%，  且模型几乎不混淆猫狗（跨物种错误仅占 3.17%），全部错误集中在细粒度品种之间。  3.  结构重参数化在数值上完全等价（max|Δ| = 7.09e-06，Top-1 32/32 一致），  并把推理态 ONNX 图的 BatchNormalization 节点从 24 降到 0，Conv 从 126 降到 103。  4.  部署闭环完整：三个 ONNX 模
report.pdf,page 27,模型几乎不混淆猫狗（跨物种错误仅占 3.17%），全部错误集中在细粒度品种之间。  3.  结构重参数化在数值上完全等价（max|Δ| = 7.09e-06，Top-1 32/32 一致），  并把推理态 ONNX 图的 BatchNormalization 节点从 24 降到 0，Conv 从 126 降到 103。  4.  部署闭环完整：三个 ONNX 模型的 PyTorch-ONNX Top-1 一致率达
report.pdf,page 27,hNormalization 节点从 24 降到 0，Conv 从 126 降到 103。  4.  部署闭环完整：三个 ONNX 模型的 PyTorch-ONNX Top-1 一致率达 100%，  在 ONNX Runtime CPU 上 P50 延迟 12.5 ~ 17.2 ms。  5.  跨集合泛化能力经检验：在 8 张 ImageNet 实拍图上品种判断 8/8 全对，  说明模型没有过拟合到 Pet 的拍摄
report.pdf,page 30,*.png  混淆矩阵  outputs/confusion_matrix/*  Grad-CAM  outputs/gradcam/*  重参数化  outputs/reparam/*  ONNX  onnx/<registry_key>.onnx  性能测试  outputs/benchmarks/*.json、summary.csv、outputs/metrics/bench.jsonl  结构图 
report/LOGITS_AUDIT.md,1,# logits 误差口径审计（2026-09-16）
report/LOGITS_AUDIT.md,5,| 实验 | 模型与输入 | max / mean 绝对误差 | 一致性与判定 | 原始文件 |
report/LOGITS_AUDIT.md,7,| PyTorch–ONNX | Pet-37 baseline；pet_test.txt 按顺序前 12 张真实图片；每张独立预处理一次后，把同一张量送入两端；CPU FP32，batch=1，224×224 | 6.198883056640625e-06 / 1.5006899711048998e-06；展示 6.199e-06 / 1.501e-06 | Top-1、Top-5 集合均 12/12；max<1e-3，Top-1≥0.99 | outputs/metrics/consistency_repvit_m0_9_pet37.json |
report/LOGITS_AUDIT.md,8,| PyTorch 重参数化 | Pet-37 baseline；timm 单头、distillation=False；32 个固定随机输入，seed=20240912，batch=8，224×224，CPU FP32；eval 后深拷贝再 fuse | 7.092952728271484e-06 / 2.030726818702533e-06；展示 7.093e-06 / 2.031e-06 | Top-1 32/32，Top-5 最小交集5；max<1e-4；BN模块107→0 | outputs/reparam/repvit_m0_9_pet37_reparam_report.json |
report/LOGITS_AUDIT.md,15,- README 的 5.25e-06 / 1.41e-06，以及旧 PPT_CONTENT 的 5.245e-06 / 1.414e-06，没有找到配套完整实验产物。旧命令写了 limit=8，但仅凭这一点不能证明数值来自 n=8。当前权重跑 n=8 得到 max=6.198883056640625e-06，不能复现旧值。旧值仅作为修订记录，不再用作实验结论。
report/LOGITS_AUDIT.md,16,- README/PPT_CONTENT 曾出现 6.53e-06、6.527e-06 等旧 Pet-37 重参数化值。引用同一个 outputs/reparam 文件的地方统一为 7.093e-06；不能把不同日期/权重/输入下的值视为相同实验。
report/LOGITS_AUDIT.md,17,- “共用 transform 会使 logits 误差恒为0”不成立。当前 compare_torch_onnx.py 使用同一张量，隔离预处理变量，只测模型/后端差异；独立实现的部署预处理仍需要另外与训练侧核对。
report/LOGITS_AUDIT.md,18,- 原先“六个 ONNX 模型一致率100%”范围过大：仓库只有三份 consistency JSON，分别是 Pet-37 M0.9、ImageNet M0.9/M1.0，各 n=12。其余三型号的导出或性能结果不能代替同口径一致性验证。
report/LOGITS_AUDIT.md,24,| outputs/metrics/consistency_repvit_m0_9_in1k.json | ImageNet固定子集前12张，PyTorch–ONNX；max=1.71661376953125e-05，mean=2.360081756099438e-06 | 保留独立型号与标签口径 |
report/LOGITS_AUDIT.md,25,| outputs/metrics/consistency_repvit_m1_0_in1k.json | ImageNet固定子集前12张，PyTorch–ONNX；max=1.811981201171875e-05，mean=2.4635197632960626e-06 | 不与Pet-37合并 |
report/LOGITS_AUDIT.md,26,| outputs/pretrained_eval/*/metrics.json 中 fuse_max_abs_logits_diff | 官方权重评价流程里的融合前后探针；M0.9/M1.0/M1.1/M1.5/M2.3分别约3.073e-05/3.290e-05/2.217e-05/2.587e-05/5.925e-05 | 型号、输入、设备取各文件与 eval_pretrained.py；不替换Pet-37的32输入实验 |
report/LOGITS_AUDIT.md,27,| outputs/benchmarks/export_*.json 与 deploy/export_onnx.py | 导出检查及单个随机输入探针；导出脚本的随机输入未固定seed | 不充当n=12真实图片一致性结果 |
report/LOGITS_AUDIT.md,28,| outputs/advanced/repvit_m0_9_pet37_reparam_report.json | reparam_deep.py 的历史结构探针；seed=0、2个随机输入；构造时未显式关蒸馏头，strict=False允许部分加载；数值max=2.9802322387695312e-06 | 保留历史记录，不能作为当前单头baseline的独立复现；108个BN与当前107不同 |
report/LOGITS_AUDIT.md,29,| outputs/reparam/repvit_m0_9_reparam_report.json | 历史C=1000报告；官方checkpoint装入timm结构，n_missing=605、n_unexpected=713；max=4.991888999938965e-07 | 无效权重验证，不作为官方预训练模型证据。旧文档2.265e-06也缺配套有效产物，移出结论 |
report/LOGITS_AUDIT.md,30,| outputs/metrics/probe_route.json | 两条权重路线的特征/主头/蒸馏平均logits比较，max=0 | 路线等价探针，不是ONNX或融合实验 |
report/LOGITS_AUDIT.md,41,python tools/selfcheck.py --only rep.verify onnx.consistency onnx.realimg --strict --json outputs/verification/selfcheck_logits.json
report/LOGITS_AUDIT.md,42,python tools/audit_logits_references.py
report/LOGITS_AUDIT.md,45,若要重新导出重参数化对照图，去掉 --skip-onnx。官方ImageNet模型使用登记键 repvit_m0_9_in1k，使实现与权重匹配；不要将官方键名直接装入timm结构。
report/LOGITS_AUDIT.md,47,扫描清单：outputs/verification/logits_reference_inventory.csv，覆盖Git跟踪的文本、代码、JSON、日志、SVG，以及PPTX/DOCX/PDF正文与PPT备注。原始实验产物不做数字替换；旧SVG演示源保留为历史素材，不作为答辩口径。
report/LOGITS_AUDIT.md,53,- 第12–13页：随机输入重参数化与真实图片ONNX各自列输入、样本数、阈值和命令；删去“完全等价”“排除九类错误”等超出证据的断言。
report/PPT_CONTENT.md,31,7.1e-06
report/PPT_CONTENT.md,33,重参数化 max|Δlogits|
report/PPT_CONTENT.md,37,PyTorch↔ONNX Top-1 一致
report/PPT_CONTENT.md,47,运行 → 迁移 → 优化 → 可视化 → 重参数化 → 部署，每个数字都可在仓库中溯源
report/PPT_CONTENT.md,91,结构重参数化
report/PPT_CONTENT.md,95,max|Δ| 7.1e-06 · Top-1 32/32
report/PPT_CONTENT.md,693,重参数化：合并分支后，误差仍在设定阈值内
report/PPT_CONTENT.md,705,最大 |Δlogits| / 7.093e-06
report/PPT_CONTENT.md,707,平均 |Δlogits| / 2.031e-06
report/PPT_CONTENT.md,724,max_abs_err=7.092952728271484e-06；mean_abs_err=2.030726818702533e-06。32 个输入是 torch.randn，不是真实测试图片。
report/PPT_CONTENT.md,726,历史官方 C=1000 报告存在权重键不匹配，不纳入结论；见 report/LOGITS_AUDIT.md。
report/PPT_CONTENT.md,734,PyTorch ↔ ONNX：固定 n=12，比较同一输入张量
report/PPT_CONTENT.md,742,模型 / 输入列表 / n / 最大 |Δlogits| / 平均 |Δlogits| / Top-1 / Top-5
report/PPT_CONTENT.md,744,M0.9 Pet-37 / pet_test / 12 / 6.199e-06 / 1.501e-06 / 100% / 100%
report/PPT_CONTENT.md,746,M0.9 / ImageNet 子集 / 12 / 1.717e-05 / 2.360e-06 / 100% / 100%
report/PPT_CONTENT.md,748,M1.0 / ImageNet 子集 / 12 / 1.812e-05 / 2.464e-06 / 100% / 100%
report/PPT_CONTENT.md,752,3  旧的 5.25e-06 缺少对应完整记录，当前统一引用上表落盘值。
report/PPT_CONTENT.md,755,完整命令、固定列表与输出路径已写入本页备注和 report/LOGITS_AUDIT.md。
report/PPT_CONTENT.md,763,max=6.198883056640625e-06；mean=1.5006899711048998e-06；Top-1/Top-5 集合均 1.0。
report/PPT_CONTENT.md,764,5.25e-06 是未找到对应完整产物的旧引用；旧命令写 limit=8 不能证明该值来自 n=8。当前权重跑 n=8 也不能复现旧值。
report/PPT_CONTENT.md,811,实测证明两条路线权重逐位等价（max|Δlogits| = 0），省去手写键转换器
report/PPT_CONTENT.md,831,③ 重参数化 32 个随机输入通过；ONNX 固定 n=12 样本一致
report/REPORT.docx,word/document.xml,"v:2307.09283, CVPR 2024），基于官方开源项目完成 RepViT 模型的运行评价、 迁移训练、模型优化、结果可视化、结构重参数化和 ONNX 部署。 论文特别强调： RepViT 虽然名称中含有 ""ViT""，但其本质是一个吸收轻量 ViT 设计经验的 纯卷积神经网络 ，不含自注意力模块。这一点是全部结构分析的出发点。 1.2 复现范围（明确做了什么、没做什么） 范围 内容 做 官方 I"
report/REPORT.docx,word/document.xml,xford-IIIT Pet 37 类上的迁移训练；4 组控制变量优化实验与 3 组组合消融；曲线/混淆矩阵/Grad-CAM 可视化；结构重参数化数值验证；3 个 ONNX 模型的多模型 CPU 部署与性能测试 不做 不在完整 ImageNet-1K 上从头训练；不追求复现论文的 300/450 epochs 精度；不做第八章拓展任务（INT8 量化、知识蒸馏、剪枝、多随机种子、边缘设备部署、核心模块独
report/REPORT.docx,word/document.xml,"形态 骨干（不含任何分类头） 4,717,792 融合后单头（C=1000 / C=37） 5,067,056 / 4,696,301 结构重参数化之后 MACs 亦有 thop 与 fvcore 两种口径：thop =  847,050,816 （0.847 GMACs）， fvcore =  832,165,824 （同口径， 不是 2 倍 ）。 二、RepViT 论文核心思路 2.1 为什么叫「从 "
report/REPORT.docx,word/document.xml,FP32，batch=1，224×224， threads=4 ，预热 10 次 + 正式 50 次。 融合后延迟明显低于未融合， 这是结构重参数化在 PyTorch 侧的直接收益 （M0.9 未融合 15.51 ms → 融合后 7.97 ms，降 48.6%；M1.0 降 62.3%）。 注意：官方公布的 iPhone 12 延迟（0.9 ms / 1.0 ms）与本机延迟不可直接比较 —— 设备、推
report/REPORT.docx,word/document.xml,一批固定输入上， 官方  .pth  + vendored 官方实现 与 timm-HF 权重 + timm 实现， 在池化特征 / 主头 logits / 蒸馏平均 logits 三个口径上  max|Δ| = 0.000e+00 。 因此 不需要手写 713→389 的键转换器 ，迁移训练可以安全地从 timm 侧权重起步。 证据： outputs/metrics/weight_load_report.j
report/REPORT.docx,word/document.xml,pth  + vendored 官方实现 与 timm-HF 权重 + timm 实现， 在池化特征 / 主头 logits / 蒸馏平均 logits 三个口径上  max|Δ| = 0.000e+00 。 因此 不需要手写 713→389 的键转换器 ，迁移训练可以安全地从 timm 侧权重起步。 证据： outputs/metrics/weight_load_report.json  的  equiva
report/REPORT.docx,word/document.xml,"-cam ），依据 Selvaraju et al.,  Grad-CAM , ICCV 2017 的公式 (1)(2)： 先对目标类别的 logits 反传得到特征图梯度，对梯度做全局平均得到通道权重， 加权求和后过 ReLU，再双线性插值回输入尺寸，最后逐样本 min-max 归一化到 [0,1]。 挂载层的选择 （两套实现、两个粒度）： --which 层 形状 A（默认） stages[-1].blo"
report/REPORT.docx,word/document.xml,terp_deep.py ）显示模型的置信度系统性偏高， 温度缩放（temperature scaling）可显著降低 ECE。 十二、结构重参数化 12.1 训练态 RepViT Block 包含哪些分支 每个 Block 的  Token Mixer（RepVGGDW）  在训练态包含： 3×3 depthwise 卷积分支 （含 BN） 1×1 depthwise 卷积分支 （含 BN） 两条分支的
report/REPORT.docx,word/document.xml,.pt --out-dir outputs/reparam 指标 Pet-37 模型 M0.9 官方 C=1000 max_abs_err 7.093e-06 N/A (key mismatch) mean_abs_err 2.031e-06 N/A top1_identical True （32/32） True （32/32） Top-5 最小重合 5 / 5 5 / 5 BN 模块数 108 → 0 108 
report/REPORT.docx,word/document.xml," M0.9 官方 C=1000 max_abs_err 7.093e-06 N/A (key mismatch) mean_abs_err 2.031e-06 N/A top1_identical True （32/32） True （32/32） Top-5 最小重合 5 / 5 5 / 5 BN 模块数 108 → 0 108 → 0 参数量 4,732,805 → 4,696,301（净减  36,504 ）"
report/REPORT.docx,word/document.xml,"减 422,272） ONNX 节点 BatchNormalization  0 、Conv  103 （未融合 126，少 23） 同上 重参数化是否减少理论参数量 ：会，但减少的是 推理态 的参数量。 M0.9 从「未融合双头 C=1000」的 5,489,328 降到「融合后单头 C=1000」的 5,067,056， 净减 422,272 = 蒸馏头 385,768 + BN 折进卷积后消失的 3"
report/REPORT.docx,word/document.xml,"」口径（5,103,560 → 5,067,056），净减恰好是  36,504 ， 即被融合掉的 BN 参数与 buffer。 12.5 重参数化对 ONNX 算子图的影响 指标 训练态图 推理态图 变化 节点总数 480 387 −93 BatchNormalization 24 0 −24 Conv 126 103 −23 文件大小 较大 较小 见  outputs/reparam/*_onnx_n"
report/REPORT.docx,word/document.xml,会在两侧 同时出现 ，一致率误差恒为 0，反而 掩盖 了问题。 只有两份实现互相独立， compare_torch_onnx.py  报出的一致性误差才是有意义的证据。 13.3 PyTorch 与 ONNX 一致性（Pet-37 n=12） 指标 repvit_m0_9_pet37 最大 logits 绝对误差 6.199e-06 平均 logits 绝对误差 1.501e-06 Top-1 类别是否
report/REPORT.docx,word/document.xml,，反而 掩盖 了问题。 只有两份实现互相独立， compare_torch_onnx.py  报出的一致性误差才是有意义的证据。 13.3 PyTorch 与 ONNX 一致性（Pet-37 n=12） 指标 repvit_m0_9_pet37 最大 logits 绝对误差 6.199e-06 平均 logits 绝对误差 1.501e-06 Top-1 类别是否一致 是（100.00%） Top-5 集合是否基本一致 是（
report/REPORT.docx,word/document.xml,份实现互相独立， compare_torch_onnx.py  报出的一致性误差才是有意义的证据。 13.3 PyTorch 与 ONNX 一致性（Pet-37 n=12） 指标 repvit_m0_9_pet37 最大 logits 绝对误差 6.199e-06 平均 logits 绝对误差 1.501e-06 Top-1 类别是否一致 是（100.00%） Top-5 集合是否基本一致 是（100.
report/REPORT.docx,word/document.xml,是有意义的证据。 13.3 PyTorch 与 ONNX 一致性（Pet-37 n=12） 指标 repvit_m0_9_pet37 最大 logits 绝对误差 6.199e-06 平均 logits 绝对误差 1.501e-06 Top-1 类别是否一致 是（100.00%） Top-5 集合是否基本一致 是（100.00%） 固定测试集 Top-1 一致率 1.000（≥ 0.99 ✓） 一致率为 10
report/REPORT.docx,word/document.xml,3 PyTorch 与 ONNX 一致性（Pet-37 n=12） 指标 repvit_m0_9_pet37 最大 logits 绝对误差 6.199e-06 平均 logits 绝对误差 1.501e-06 Top-1 类别是否一致 是（100.00%） Top-5 集合是否基本一致 是（100.00%） 固定测试集 Top-1 一致率 1.000（≥ 0.99 ✓） 一致率为 100%，说明 没有 出现题目列出
report/REPORT.docx,word/document.xml,NNX 一致性（Pet-37 n=12） 指标 repvit_m0_9_pet37 最大 logits 绝对误差 6.199e-06 平均 logits 绝对误差 1.501e-06 Top-1 类别是否一致 是（100.00%） Top-5 集合是否基本一致 是（100.00%） 固定测试集 Top-1 一致率 1.000（≥ 0.99 ✓） 一致率为 100%，说明 没有 出现题目列出的九类典型问题 （R
report/REPORT.docx,word/document.xml,37 n=12） 指标 repvit_m0_9_pet37 最大 logits 绝对误差 6.199e-06 平均 logits 绝对误差 1.501e-06 Top-1 类别是否一致 是（100.00%） Top-5 集合是否基本一致 是（100.00%） 固定测试集 Top-1 一致率 1.000（≥ 0.99 ✓） 一致率为 100%，说明 没有 出现题目列出的九类典型问题 （Resize/CenterCro
report/REPORT.docx,word/document.xml,RGB/BGR 通道、插值方式、mean/std、Softmax 维度、 eval 模式、BN 状态、导出方式、数值精度）。 13.4 结构重参数化在部署侧的体现 导出的三个 ONNX 模型 全部是推理态 （图内  BatchNormalization = 0 、 Conv = 103 ）。 导出脚本  deploy/export_onnx.py  的顺序 不可交换 ： load_state_dict →
report/REPORT.docx,word/document.xml,"=2, unexpected=0 ，满足 DoD #12）； ② 实测证明 timm/HF 权重与官方 ckpt  逐位相同 （ max|Δlogits| = 0 ）， 因此迁移训练可以直接从 timm 侧权重起步， 省去手写 713→389 键转换器 （约 1–3 小时）。 15.2  data/provided/  是规格书虚构的路径 问题 ：规格书要求读取考核方放在  data/provided/  的"
report/REPORT.docx,word/document.xml,% 、Macro-F1 =  92.14% ， 且模型几乎不混淆猫狗（跨物种错误仅占  3.17% ），全部错误集中在细粒度品种之间。 结构重参数化在数值上完全等价 （ max|Δ| = 7.09e-06 ，Top-1 32/32 一致）， 并把推理态 ONNX 图的 BatchNormalization 节点从 24 降到  0 ，Conv 从 126 降到  103 。 部署闭环完整 ：三个 ONNX
report/REPORT.docx,word/document.xml,且模型几乎不混淆猫狗（跨物种错误仅占  3.17% ），全部错误集中在细粒度品种之间。 结构重参数化在数值上完全等价 （ max|Δ| = 7.09e-06 ，Top-1 32/32 一致）， 并把推理态 ONNX 图的 BatchNormalization 节点从 24 降到  0 ，Conv 从 126 降到  103 。 部署闭环完整 ：三个 ONNX 模型的 PyTorch-ONNX Top-1 一致率达
report/REPORT.docx,word/document.xml,hNormalization 节点从 24 降到  0 ，Conv 从 126 降到  103 。 部署闭环完整 ：三个 ONNX 模型的 PyTorch-ONNX Top-1 一致率达  100% ， 在 ONNX Runtime CPU 上 P50 延迟  12.5 ~ 17.2 ms 。 跨集合泛化能力经检验 ：在 8 张 ImageNet 实拍图上品种判断  8/8 全对 ， 说明模型没有过拟合到 Pet 的拍摄
report/REPORT.docx,word/document.xml,rves/*.png 混淆矩阵 outputs/confusion_matrix/* Grad-CAM outputs/gradcam/* 重参数化 outputs/reparam/* ONNX onnx/<registry_key>.onnx 性能测试 outputs/benchmarks/*.json 、 summary.csv 、 outputs/metrics/bench.jsonl 结构图 ou
report/REPORT.md,13,迁移训练、模型优化、结果可视化、结构重参数化和 ONNX 部署。
report/REPORT.md,22,| **做** | 官方 ImageNet-1K 预训练权重在指定规模验证子集上的运行与评价（2 个基础型号 + 3 个家族型号）；RepViT-M0.9 在 Oxford-IIIT Pet 37 类上的迁移训练；4 组控制变量优化实验与 3 组组合消融；曲线/混淆矩阵/Grad-CAM 可视化；结构重参数化数值验证；3 个 ONNX 模型的多模型 CPU 部署与性能测试 |
report/REPORT.md,50,"| 融合后单头（C=1000 / C=37） | 5,067,056 / 4,696,301 | 结构重参数化之后 |"
report/REPORT.md,184,> 融合后延迟明显低于未融合，**这是结构重参数化在 PyTorch 侧的直接收益**
report/REPORT.md,384,在池化特征 / 主头 logits / 蒸馏平均 logits 三个口径上 `max|Δ| = 0.000e+00`。
report/REPORT.md,577,先对目标类别的 logits 反传得到特征图梯度，对梯度做全局平均得到通道权重，
report/REPORT.md,661,## 十二、结构重参数化
report/REPORT.md,722,| `max_abs_err` | **7.092953e-06**（展示 7.093e-06） | —（旧报告权重键不匹配，不作结论） |
report/REPORT.md,723,| `mean_abs_err` | **2.030727e-06**（展示 2.031e-06） | — |
report/REPORT.md,730,> 这里是重参数化实验：同一批 32 张输入，比较训练态与融合态 PyTorch logits。
report/REPORT.md,731,> 它与下一节的 PyTorch↔ONNX 一致性实验不是同一批输入，也不是同一条代码路径。
report/REPORT.md,733,> **重参数化是否减少理论参数量**：会，但减少的是**推理态**的参数量。
report/REPORT.md,739,### 12.5 重参数化对 ONNX 算子图的影响
report/REPORT.md,792,只有两份实现互相独立，`compare_torch_onnx.py` 报出的一致性误差才是有意义的证据。
report/REPORT.md,794,### 13.3 PyTorch 与 ONNX 一致性
report/REPORT.md,797,`5.25e-06` 属于旧的 n=8 对照记录，不能与本次落盘结果合并引用。
report/REPORT.md,801,| 最大 logits 绝对误差 | **6.199e-06** |
report/REPORT.md,802,| 平均 logits 绝对误差 | 1.501e-06 |
report/REPORT.md,811,### 13.4 结构重参数化在部署侧的体现
report/REPORT.md,892,② 实测证明 timm/HF 权重与官方 ckpt **逐位相同**（`max|Δlogits| = 0`），
report/REPORT.md,963,3. **结构重参数化在数值上完全等价**（`max|Δ| = 7.09e-06`，Top-1 32/32 一致），
report/REPORT.md,965,4. **部署闭环完整**：三个 ONNX 模型的 PyTorch-ONNX Top-1 一致率达 **100%**，
report/REPORT.md,1037,| 重参数化 | `outputs/reparam/*` |
report/ppt_svg/01_cover.svg,40,"<text x=""624"" y=""608"" font-family=""Consolas"" font-size=""38"" font-weight=""bold"" fill=""#FFC857"">7.1e-06</text>"
report/ppt_svg/01_cover.svg,41,"<text x=""624"" y=""642"" font-family=""Microsoft YaHei"" font-size=""15"" fill=""#93A4C0"">重参数化 max|Δlogits|</text>"
report/ppt_svg/01_cover.svg,45,"<text x=""888"" y=""642"" font-family=""Microsoft YaHei"" font-size=""15"" fill=""#93A4C0"">PyTorch↔ONNX Top-1 一致</text>"
report/ppt_svg/02_status.svg,6,"<text x=""72"" y=""122"" font-family=""Microsoft YaHei"" font-size=""16"" fill=""#93A4C0"">运行 → 迁移 → 优化 → 可视化 → 重参数化 → 部署，每个数字都可在仓库中溯源</text>"
report/ppt_svg/02_status.svg,53,"<text x=""486"" y=""484"" font-family=""Microsoft YaHei"" font-size=""22"" font-weight=""bold"" fill=""#E6EDF7"">结构重参数化</text>"
report/ppt_svg/02_status.svg,56,"<text x=""486"" y=""562"" font-family=""Consolas"" font-size=""16"" fill=""#3FDB9B"">max|Δ| 7.1e-06 · Top-1 32/32</text>"
report/ppt_svg/12_reparam.svg,5,"<text x=""72"" y=""82"" font-family=""Microsoft YaHei"" font-size=""34"" font-weight=""bold"" fill=""#E6EDF7"">重参数化在数值上完全等价，BN 节点归零</text>"
report/ppt_svg/12_reparam.svg,32,"<text x=""1182"" y=""252"" font-family=""Consolas"" font-size=""16"" fill=""#3FDB9B"" text-anchor=""end"">7.093e-06</text>"
report/ppt_svg/12_reparam.svg,34,"<text x=""1182"" y=""284"" font-family=""Consolas"" font-size=""16"" fill=""#3FDB9B"" text-anchor=""end"">2.031e-06</text>"
report/ppt_svg/13_onnx.svg,5,"<text x=""72"" y=""82"" font-family=""Microsoft YaHei"" font-size=""34"" font-weight=""bold"" fill=""#E6EDF7"">6 个 ONNX 模型，PyTorch↔ONNX Top-1 一致率 100%</text>"
report/ppt_svg/13_onnx.svg,66,"<text x=""928"" y=""378"" font-family=""Microsoft YaHei"" font-size=""13"" fill=""#93A4C0"">共用一份 transform 会让一致性<tspan x=""928"" dy=""20"">误差恒为 0，反而掩盖预处理</tspan><tspan x=""928"" dy=""20"">bug</tspan></text>"
report/ppt_svg/13_onnx.svg,71,"<text x=""100"" y=""470"" font-family=""Microsoft YaHei"" font-size=""18"" font-weight=""bold"" fill=""#E6EDF7"">PyTorch 与 ONNX 一致性（固定划分列表、真实图片）</text>"
report/ppt_svg/13_onnx.svg,75,"<text x=""100"" y=""522"" font-family=""Microsoft YaHei"" font-size=""15"" fill=""#93A4C0"">最大 logits 绝对误差</text>"
report/ppt_svg/13_onnx.svg,76,"<text x=""450"" y=""522"" font-family=""Consolas"" font-size=""16"" fill=""#3FDB9B"" text-anchor=""end"">6.199e-06</text>"
report/ppt_svg/13_onnx.svg,79,"<text x=""100"" y=""554"" font-family=""Microsoft YaHei"" font-size=""15"" fill=""#93A4C0"">平均 logits 绝对误差</text>"
report/ppt_svg/13_onnx.svg,80,"<text x=""450"" y=""554"" font-family=""Consolas"" font-size=""16"" fill=""#3FDB9B"" text-anchor=""end"">1.501e-06</text>"
report/ppt_svg/15_summary.svg,23,"<text x=""150"" y=""278"" font-family=""Microsoft YaHei"" font-size=""14"" fill=""#3FDB9B"">实测证明两条路线权重逐位等价（max|Δlogits| = 0），省去手写键转换器</text>"
report/ppt_svg/15_summary.svg,45,"<text x=""100"" y=""622"" font-family=""Microsoft YaHei"" font-size=""15"" fill=""#93A4C0"">③ 重参数化数值等价、BN 归零；ONNX 一致率 100%</text>"
report/答辩PPT_RepViT.pdf,page 1,/RepViT-Reproduction 78.20% ImageNet 子集Top-1 92.34% Pet-37 test Top-1 7.1e-06 重参数化max|Δlogits| 100% PyTorch ONNX Top-1 一致 
report/答辩PPT_RepViT.pdf,page 1,Reproduction 78.20% ImageNet 子集Top-1 92.34% Pet-37 test Top-1 7.1e-06 重参数化max|Δlogits| 100% PyTorch ONNX Top-1 一致 
report/答辩PPT_RepViT.pdf,page 1,ion 78.20% ImageNet 子集Top-1 92.34% Pet-37 test Top-1 7.1e-06 重参数化max|Δlogits| 100% PyTorch ONNX Top-1 一致 
report/答辩PPT_RepViT.pdf,page 1,ageNet 子集Top-1 92.34% Pet-37 test Top-1 7.1e-06 重参数化max|Δlogits| 100% PyTorch ONNX Top-1 一致 
report/答辩PPT_RepViT.pdf,page 2,六个考核环节全部交付，37 条验收项自检0 失败 运行→ 迁移→ 优化→ 可视化→ 重参数化→ 部署，每个数字都可在仓库中溯源 01 官方模型评价 5 个型号· 1000 张子集 M0.9 Top-1 78.20% outputs/pretrained_eval/ 02 M0.9 迁移训练 Pet 37 类· 40 epoch test Top-1 
report/答辩PPT_RepViT.pdf,page 2,ml 04 可视化与可解释性 五条曲线· 混淆矩阵· Grad-CAM 跨物种错误仅3.56% outputs/gradcam/ 05 结构重参数化 BN 107 → 0 · Conv 126 → 103 max|Δ| 7.1e-06 · Top-1 32/32 outputs/reparam/ 06 ONNX 多模型部署 6 个ONNX · ORT CPU P50 7.1 ~ 32.7 ms onnx/
report/答辩PPT_RepViT.pdf,page 2,误仅3.56% outputs/gradcam/ 05 结构重参数化 BN 107 → 0 · Conv 126 → 103 max|Δ| 7.1e-06 · Top-1 32/32 outputs/reparam/ 06 ONNX 多模型部署 6 个ONNX · ORT CPU P50 7.1 ~ 32.7 ms onnx/*.onnx 范围声明：不做第八章拓展任务（INT8 量化/ 知识蒸馏/ 剪枝/ 多随
report/答辩PPT_RepViT.pdf,page 12,重参数化：合并分支后，误差仍在设定阈值内 Pet-37 / baseline_best.pt · CPU FP32 · eval → 深拷贝→ fuse · 固定随机输入n=32，batch=8，224×224，seed=20240912 来源：outputs/rep
report/答辩PPT_RepViT.pdf,page 12, 0 20 40 60 80 100 120 140 BatchNorm Conv2d 融合前 融合后 数值验证（随机输入） 结果 最大|Δlogits| 7.093e-06 平均|Δlogits| 2.031e-06 Top-1 一致 32 / 32 Top-5 最小交集 5 / 5 阈值/ 判定 max < 1e-4 /  PASS 先把BN 的固定统计量折进卷积，再把1×1、3×3 与identity 
report/答辩PPT_RepViT.pdf,page 12, 60 80 100 120 140 BatchNorm Conv2d 融合前 融合后 数值验证（随机输入） 结果 最大|Δlogits| 7.093e-06 平均|Δlogits| 2.031e-06 Top-1 一致 32 / 32 Top-5 最小交集 5 / 5 阈值/ 判定 max < 1e-4 /  PASS 先把BN 的固定统计量折进卷积，再把1×1、3×3 与identity 分支的核相加。 代数上
report/答辩PPT_RepViT.pdf,page 12, 140 BatchNorm Conv2d 融合前 融合后 数值验证（随机输入） 结果 最大|Δlogits| 7.093e-06 平均|Δlogits| 2.031e-06 Top-1 一致 32 / 32 Top-5 最小交集 5 / 5 阈值/ 判定 max < 1e-4 /  PASS 先把BN 的固定统计量折进卷积，再把1×1、3×3 与identity 分支的核相加。 代数上等价；FP32 运算顺
report/答辩PPT_RepViT.pdf,page 12,chNorm Conv2d 融合前 融合后 数值验证（随机输入） 结果 最大|Δlogits| 7.093e-06 平均|Δlogits| 2.031e-06 Top-1 一致 32 / 32 Top-5 最小交集 5 / 5 阈值/ 判定 max < 1e-4 /  PASS 先把BN 的固定统计量折进卷积，再把1×1、3×3 与identity 分支的核相加。 代数上等价；FP32 运算顺序改变会产生舍入误差。
report/答辩PPT_RepViT.pdf,page 13,PyTorch  ONNX：固定n=12，比较同一输入张量 融合后的PyTorch vs ORT CPUExecutionProvider · FP32 · batch=1 · 224×224 · 每个模型各12 张 来源：outputs/metrics/consistency_{re
report/答辩PPT_RepViT.pdf,page 13,"_m0_9_pet37,repvit_m0_9_in1k,repvit_m1_0_in1k}.json 13 模型/ 输入列表 n 最大|Δlogits| 平均|Δlogits| Top-1 / Top-5 M0.9 Pet-37 / pet_test 12 6.199e-06 1.501e-06 100% / 100% M0.9 / ImageNet 子集 12 1.717e-05 2.360e-06 10"
report/答辩PPT_RepViT.pdf,page 13,"repvit_m0_9_in1k,repvit_m1_0_in1k}.json 13 模型/ 输入列表 n 最大|Δlogits| 平均|Δlogits| Top-1 / Top-5 M0.9 Pet-37 / pet_test 12 6.199e-06 1.501e-06 100% / 100% M0.9 / ImageNet 子集 12 1.717e-05 2.360e-06 100% / 100% M1"
report/答辩PPT_RepViT.pdf,page 13,入列表 n 最大|Δlogits| 平均|Δlogits| Top-1 / Top-5 M0.9 Pet-37 / pet_test 12 6.199e-06 1.501e-06 100% / 100% M0.9 / ImageNet 子集 12 1.717e-05 2.360e-06 100% / 100% M1.0 / ImageNet 子集 12 1.812e-05 2.464e-06 100% / 100%
report/答辩PPT_RepViT.pdf,page 13,logits| 平均|Δlogits| Top-1 / Top-5 M0.9 Pet-37 / pet_test 12 6.199e-06 1.501e-06 100% / 100% M0.9 / ImageNet 子集 12 1.717e-05 2.360e-06 100% / 100% M1.0 / ImageNet 子集 12 1.812e-05 2.464e-06 100% / 100% 1  部署预处理由
report/答辩PPT_RepViT.pdf,page 13,7 / pet_test 12 6.199e-06 1.501e-06 100% / 100% M0.9 / ImageNet 子集 12 1.717e-05 2.360e-06 100% / 100% M1.0 / ImageNet 子集 12 1.812e-05 2.464e-06 100% / 100% 1  部署预处理由PIL 实现；本次对比把同一张量送入两个推理后端。 2  结论仅覆盖这12 张图片，不能
report/答辩PPT_RepViT.pdf,page 13,st 12 6.199e-06 1.501e-06 100% / 100% M0.9 / ImageNet 子集 12 1.717e-05 2.360e-06 100% / 100% M1.0 / ImageNet 子集 12 1.812e-05 2.464e-06 100% / 100% 1  部署预处理由PIL 实现；本次对比把同一张量送入两个推理后端。 2  结论仅覆盖这12 张图片，不能写成完整测试集或全部
report/答辩PPT_RepViT.pdf,page 13, ImageNet 子集 12 1.717e-05 2.360e-06 100% / 100% M1.0 / ImageNet 子集 12 1.812e-05 2.464e-06 100% / 100% 1  部署预处理由PIL 实现；本次对比把同一张量送入两个推理后端。 2  结论仅覆盖这12 张图片，不能写成完整测试集或全部六模型一致。 3  旧的5.25e-06 缺少对应完整记录，当前统一引用上表落盘值。 复
report/答辩PPT_RepViT.pdf,page 13,子集 12 1.717e-05 2.360e-06 100% / 100% M1.0 / ImageNet 子集 12 1.812e-05 2.464e-06 100% / 100% 1  部署预处理由PIL 实现；本次对比把同一张量送入两个推理后端。 2  结论仅覆盖这12 张图片，不能写成完整测试集或全部六模型一致。 3  旧的5.25e-06 缺少对应完整记录，当前统一引用上表落盘值。 复跑：python d
report/答辩PPT_RepViT.pdf,page 13,预处理由PIL 实现；本次对比把同一张量送入两个推理后端。 2  结论仅覆盖这12 张图片，不能写成完整测试集或全部六模型一致。 3  旧的5.25e-06 缺少对应完整记录，当前统一引用上表落盘值。 复跑：python deploy/compare_torch_onnx.py --model repvit_m0_9_pet37 --limit 12 完整命令、固定列表与输出路径已写入本页备注和report/LO
report/答辩PPT_RepViT.pdf,page 13,.py --model repvit_m0_9_pet37 --limit 12 完整命令、固定列表与输出路径已写入本页备注和report/LOGITS_AUDIT.md。 
report/答辩PPT_RepViT.pdf,page 15,计说明 三个最有代表性的问题 01 官方.pth 与timm 键名交集为0（713 vs 389） 实测证明两条路线权重逐位等价（max|Δlogits| = 0），省去手写键转换器 02 data/provided/ 在29 页试题PDF 中从未定义 改判为结构性偏差，改用官方归档+ 自建子集，并在README 与报告中显式声明 03 早停导致训练预算不等价（opt_mix 25 epoch vs base
report/答辩PPT_RepViT.pdf,page 15, 确为纯卷积，M0.9 实测78.20%，贴近官方78.7% ②Pet-37 test Top-1 92.34%，跨物种错误仅3.56% ③重参数化32 个随机输入通过；ONNX 固定n=12 样本一致 ④四项优化未显示稳定提升；需要多种子实验进一步判断 后续计划 INT8 量化/ 知识蒸馏（M2.3 → M0.9） 集显后端（本机无集显，需换设备） 置信度校准（实测温度T = 0.615） 七类鲁棒性扰
report/答辩PPT_RepViT.pptx,ppt/slides/slide1.xml,RepViT-Reproduction 78.20% ImageNet 子集 Top-1 92.34% Pet-37 test Top-1 7.1e-06 重参数化 max|Δlogits| 100% PyTorch↔ONNX Top-1 一致
report/答辩PPT_RepViT.pptx,ppt/slides/slide1.xml,eproduction 78.20% ImageNet 子集 Top-1 92.34% Pet-37 test Top-1 7.1e-06 重参数化 max|Δlogits| 100% PyTorch↔ONNX Top-1 一致
report/答辩PPT_RepViT.pptx,ppt/slides/slide1.xml,n 78.20% ImageNet 子集 Top-1 92.34% Pet-37 test Top-1 7.1e-06 重参数化 max|Δlogits| 100% PyTorch↔ONNX Top-1 一致
report/答辩PPT_RepViT.pptx,ppt/slides/slide1.xml,eNet 子集 Top-1 92.34% Pet-37 test Top-1 7.1e-06 重参数化 max|Δlogits| 100% PyTorch↔ONNX Top-1 一致
report/答辩PPT_RepViT.pptx,ppt/slides/slide2.xml,六个考核环节全部交付，37 条验收项自检 0 失败 运行 → 迁移 → 优化 → 可视化 → 重参数化 → 部署，每个数字都可在仓库中溯源 01 官方模型评价 5 个型号 · 1000 张子集 M0.9 Top-1 78.20% outputs/pretrained_eval/ 02 M0.9 迁移训练 Pet 37 类 · 40 epoch test Top
report/答辩PPT_RepViT.pptx,ppt/slides/slide2.xml,04 可视化与可解释性 五条曲线 · 混淆矩阵 · Grad-CAM 跨物种错误仅 3.56% outputs/gradcam/ 05 结构重参数化 BN 107 → 0 · Conv 126 → 103 max|Δ| 7.1e-06 · Top-1 32/32 outputs/reparam/ 06 ONNX 多模型部署 6 个 ONNX · ORT CPU P50 7.1 ~ 32.7 ms onnx
report/答辩PPT_RepViT.pptx,ppt/slides/slide2.xml,仅 3.56% outputs/gradcam/ 05 结构重参数化 BN 107 → 0 · Conv 126 → 103 max|Δ| 7.1e-06 · Top-1 32/32 outputs/reparam/ 06 ONNX 多模型部署 6 个 ONNX · ORT CPU P50 7.1 ~ 32.7 ms onnx/*.onnx 范围声明：不做第八章拓展任务（INT8 量化 / 知识蒸馏 / 剪枝 
report/答辩PPT_RepViT.pptx,ppt/slides/slide12.xml,重参数化：合并分支后，误差仍在设定阈值内 Pet-37 / baseline_best.pt · CPU FP32 · eval → 深拷贝 → fuse · 固定随机输入 n=32，batch=8，224×224，seed=20240912 来源：outputs/r
report/答辩PPT_RepViT.pptx,ppt/slides/slide12.xml,_report.json；与第 13 页真实图片 ONNX 实验分开 12 PyTorch 模块数量 数值验证（随机输入） 结果 最大 |Δlogits| 7.093e-06 平均 |Δlogits| 2.031e-06 Top-1 一致 32 / 32 Top-5 最小交集 5 / 5 阈值 / 判定 max < 1e-4 / PASS 先把 BN 的固定统计量折进卷积，再把 1×1、3×3 与 ident
report/答辩PPT_RepViT.pptx,ppt/slides/slide12.xml,json；与第 13 页真实图片 ONNX 实验分开 12 PyTorch 模块数量 数值验证（随机输入） 结果 最大 |Δlogits| 7.093e-06 平均 |Δlogits| 2.031e-06 Top-1 一致 32 / 32 Top-5 最小交集 5 / 5 阈值 / 判定 max < 1e-4 / PASS 先把 BN 的固定统计量折进卷积，再把 1×1、3×3 与 identity 分支的核相加。
report/答辩PPT_RepViT.pptx,ppt/slides/slide12.xml,片 ONNX 实验分开 12 PyTorch 模块数量 数值验证（随机输入） 结果 最大 |Δlogits| 7.093e-06 平均 |Δlogits| 2.031e-06 Top-1 一致 32 / 32 Top-5 最小交集 5 / 5 阈值 / 判定 max < 1e-4 / PASS 先把 BN 的固定统计量折进卷积，再把 1×1、3×3 与 identity 分支的核相加。 代数上等价；FP32 
report/答辩PPT_RepViT.pptx,ppt/slides/slide12.xml,验分开 12 PyTorch 模块数量 数值验证（随机输入） 结果 最大 |Δlogits| 7.093e-06 平均 |Δlogits| 2.031e-06 Top-1 一致 32 / 32 Top-5 最小交集 5 / 5 阈值 / 判定 max < 1e-4 / PASS 先把 BN 的固定统计量折进卷积，再把 1×1、3×3 与 identity 分支的核相加。 代数上等价；FP32 运算顺序改变会产生舍入
report/答辩PPT_RepViT.pptx,ppt/notesSlides/notesSlide4.xml, --skip-onnx --out-dir outputs/verification/reparam_pet37 max_abs_err=7.092952728271484e-06；mean_abs_err=2.030726818702533e-06。32 个输入是 torch.randn，不是真实测试图片。 权重 missing=0 / unexpected=0。BN 模块 107→0；ONNX 图的 BN 节点 24→0 是另一种统
report/答辩PPT_RepViT.pptx,ppt/notesSlides/notesSlide4.xml,fication/reparam_pet37 max_abs_err=7.092952728271484e-06；mean_abs_err=2.030726818702533e-06。32 个输入是 torch.randn，不是真实测试图片。 权重 missing=0 / unexpected=0。BN 模块 107→0；ONNX 图的 BN 节点 24→0 是另一种统计，不可混用。 历史官方 C=1000 报告存在权重键不匹配，不纳入结
report/答辩PPT_RepViT.pptx,ppt/notesSlides/notesSlide4.xml,ONNX 图的 BN 节点 24→0 是另一种统计，不可混用。 历史官方 C=1000 报告存在权重键不匹配，不纳入结论；见 report/LOGITS_AUDIT.md。
report/答辩PPT_RepViT.pptx,ppt/slides/slide13.xml,PyTorch ↔ ONNX：固定 n=12，比较同一输入张量 融合后的 PyTorch vs ORT CPUExecutionProvider · FP32 · batch=1 · 224×224 · 每个模型各 12 张 来源：outputs/metrics/consistency_
report/答辩PPT_RepViT.pptx,ppt/slides/slide13.xml,"0_9_pet37,repvit_m0_9_in1k,repvit_m1_0_in1k}.json 13 模型 / 输入列表 n 最大 |Δlogits| 平均 |Δlogits| Top-1 / Top-5 M0.9 Pet-37 / pet_test 12 6.199e-06 1.501e-06 100% / 100% M0.9 / ImageNet 子集 12 1.717e-05 2.360e-06 1"
report/答辩PPT_RepViT.pptx,ppt/slides/slide13.xml,"vit_m0_9_in1k,repvit_m1_0_in1k}.json 13 模型 / 输入列表 n 最大 |Δlogits| 平均 |Δlogits| Top-1 / Top-5 M0.9 Pet-37 / pet_test 12 6.199e-06 1.501e-06 100% / 100% M0.9 / ImageNet 子集 12 1.717e-05 2.360e-06 100% / 100% M1"
report/答辩PPT_RepViT.pptx,ppt/slides/slide13.xml,表 n 最大 |Δlogits| 平均 |Δlogits| Top-1 / Top-5 M0.9 Pet-37 / pet_test 12 6.199e-06 1.501e-06 100% / 100% M0.9 / ImageNet 子集 12 1.717e-05 2.360e-06 100% / 100% M1.0 / ImageNet 子集 12 1.812e-05 2.464e-06 100% / 100%
report/答辩PPT_RepViT.pptx,ppt/slides/slide13.xml,ogits| 平均 |Δlogits| Top-1 / Top-5 M0.9 Pet-37 / pet_test 12 6.199e-06 1.501e-06 100% / 100% M0.9 / ImageNet 子集 12 1.717e-05 2.360e-06 100% / 100% M1.0 / ImageNet 子集 12 1.812e-05 2.464e-06 100% / 100% 1  部署预处理由
report/答辩PPT_RepViT.pptx,ppt/slides/slide13.xml,7 / pet_test 12 6.199e-06 1.501e-06 100% / 100% M0.9 / ImageNet 子集 12 1.717e-05 2.360e-06 100% / 100% M1.0 / ImageNet 子集 12 1.812e-05 2.464e-06 100% / 100% 1  部署预处理由 PIL 实现；本次对比把同一张量送入两个推理后端。 2  结论仅覆盖这 12 张图片，
report/答辩PPT_RepViT.pptx,ppt/slides/slide13.xml,st 12 6.199e-06 1.501e-06 100% / 100% M0.9 / ImageNet 子集 12 1.717e-05 2.360e-06 100% / 100% M1.0 / ImageNet 子集 12 1.812e-05 2.464e-06 100% / 100% 1  部署预处理由 PIL 实现；本次对比把同一张量送入两个推理后端。 2  结论仅覆盖这 12 张图片，不能写成完整测试集或
report/答辩PPT_RepViT.pptx,ppt/slides/slide13.xml, ImageNet 子集 12 1.717e-05 2.360e-06 100% / 100% M1.0 / ImageNet 子集 12 1.812e-05 2.464e-06 100% / 100% 1  部署预处理由 PIL 实现；本次对比把同一张量送入两个推理后端。 2  结论仅覆盖这 12 张图片，不能写成完整测试集或全部六模型一致。 3  旧的 5.25e-06 缺少对应完整记录，当前统一引用上表落盘值
report/答辩PPT_RepViT.pptx,ppt/slides/slide13.xml,子集 12 1.717e-05 2.360e-06 100% / 100% M1.0 / ImageNet 子集 12 1.812e-05 2.464e-06 100% / 100% 1  部署预处理由 PIL 实现；本次对比把同一张量送入两个推理后端。 2  结论仅覆盖这 12 张图片，不能写成完整测试集或全部六模型一致。 3  旧的 5.25e-06 缺少对应完整记录，当前统一引用上表落盘值。 复跑：pytho
report/答辩PPT_RepViT.pptx,ppt/slides/slide13.xml,由 PIL 实现；本次对比把同一张量送入两个推理后端。 2  结论仅覆盖这 12 张图片，不能写成完整测试集或全部六模型一致。 3  旧的 5.25e-06 缺少对应完整记录，当前统一引用上表落盘值。 复跑：python deploy/compare_torch_onnx.py --model repvit_m0_9_pet37 --limit 12 完整命令、固定列表与输出路径已写入本页备注和 report/L
report/答辩PPT_RepViT.pptx,ppt/slides/slide13.xml,py --model repvit_m0_9_pet37 --limit 12 完整命令、固定列表与输出路径已写入本页备注和 report/LOGITS_AUDIT.md。
report/答辩PPT_RepViT.pptx,ppt/notesSlides/notesSlide5.xml,m0_9_pet37_n12.json Pet-37 顺序取固定列表前 12 张，每张预处理一次，同一 numpy 张量送入两端。 max=6.198883056640625e-06；mean=1.5006899711048998e-06；Top-1/Top-5 集合均 1.0。 5.25e-06 是未找到对应完整产物的旧引用；旧命令写 limit=8 不能证明该值来自 n=8。当前权重跑 n=8 也不能复现旧值。 不是全测试集一致率，不
report/答辩PPT_RepViT.pptx,ppt/notesSlides/notesSlide5.xml,顺序取固定列表前 12 张，每张预处理一次，同一 numpy 张量送入两端。 max=6.198883056640625e-06；mean=1.5006899711048998e-06；Top-1/Top-5 集合均 1.0。 5.25e-06 是未找到对应完整产物的旧引用；旧命令写 limit=8 不能证明该值来自 n=8。当前权重跑 n=8 也不能复现旧值。 不是全测试集一致率，不验证两套预处理独立实现等价，也不能排除所有部署错误。
report/答辩PPT_RepViT.pptx,ppt/notesSlides/notesSlide5.xml,.198883056640625e-06；mean=1.5006899711048998e-06；Top-1/Top-5 集合均 1.0。 5.25e-06 是未找到对应完整产物的旧引用；旧命令写 limit=8 不能证明该值来自 n=8。当前权重跑 n=8 也不能复现旧值。 不是全测试集一致率，不验证两套预处理独立实现等价，也不能排除所有部署错误。
report/答辩PPT_RepViT.pptx,ppt/slides/slide15.xml, 三个最有代表性的问题 01 官方 .pth 与 timm 键名交集为 0（713 vs 389） 实测证明两条路线权重逐位等价（max|Δlogits| = 0），省去手写键转换器 02 data/provided/ 在 29 页试题 PDF 中从未定义 改判为结构性偏差，改用官方归档 + 自建子集，并在 README 与报告中显式声明 03 早停导致训练预算不等价（opt_mix 25 epoch vs 
report/答辩PPT_RepViT.pptx,ppt/slides/slide15.xml,积，M0.9 实测 78.20%，贴近官方 78.7% ② Pet-37 test Top-1 92.34%，跨物种错误仅 3.56% ③ 重参数化 32 个随机输入通过；ONNX 固定 n=12 样本一致 ④ 四项优化未显示稳定提升；需要多种子实验进一步判断 后续计划 INT8 量化 / 知识蒸馏（M2.3 → M0.9） 集显后端（本机无集显，需换设备） 置信度校准（实测温度 T = 0.615） 七
tools/audit_logits_references.py,1,"""""""Inventory logits/consistency references, including Office/PDF deliverables."""""""
tools/audit_logits_references.py,10,"PATTERN = re.compile(r""logits|重参数化|一致性|(?:[1-9]\.\d+e-0[4-8])|PyTorch.{0,8}ONNX"", re.I)"
tools/audit_logits_references.py,40,out = ROOT / 'outputs/verification/logits_reference_inventory.csv'
tools/count_flops.py,15,"得到的不是推理态数值；而且 timm 的 RepVit 在训练态 forward 返回的是 (logits, logits_dist)"
tools/count_params.py,10,eval 时会把 head 与 head_dist 的 logits 取平均 —— 这是「预训练权重发布时的形态」。
tools/count_params.py,12,仍未做重参数化 —— 这是「刚 load 完权重、还没 fuse」的形态。
tools/count_params.py,166,"""""""把「未融合」模型就地重参数化成推理态（融合后）结构。"
tools/download_pretrained.sh,40,"echo ""       替代路径：HF 镜像上的 timm 权重与本文件逐位一致（已实测 max|Δlogits| = 0）"""
tools/eval_pretrained.py,89,"""fuse"": True,           # bool | 推理前做结构重参数化"
tools/eval_pretrained.py,422,"""""""结构重参数化：official -> utils.replace_batchnorm；timm -> model.fuse()。"""""""
tools/eval_pretrained.py,472,logits = model(x)
tools/eval_pretrained.py,473,"if isinstance(logits, (tuple, list)):      # 兜底：万一蒸馏头没关掉"
tools/eval_pretrained.py,474,logits = (logits[0] + logits[1]) / 2
tools/eval_pretrained.py,476,"a1, a5 = accuracy(logits, y, (1, 5))       # 百分数"
tools/eval_pretrained.py,479,"probs = torch.softmax(logits.float(), dim=1).cpu()"
tools/eval_pretrained.py,549,"""ep"": None, ""ort_version"": None,      # PyTorch 路线无 ONNX Runtime，键保留以便统一解析"
tools/eval_pretrained.py,803,# 融合前后的一致性探针：用固定的一批真实图片，避免把随机输入的口径混淆进来
tools/eval_pretrained.py,810,# 所以 max|Δlogits| 反映的是真正的重参数化误差（本机实测 ~1e-5）。
tools/eval_pretrained.py,828,logits_before = _probe(model)
tools/eval_pretrained.py,835,logits_after = _probe(model)
tools/eval_pretrained.py,837,max_diff = float((logits_before - logits_after).abs().max())
tools/eval_pretrained.py,841,"f"" = 蒸馏头 385,768 + BN 折进卷积 36,504）, max|logits diff| = {max_diff:.2e}"")"
tools/eval_pretrained.py,991,"""fuse_max_abs_logits_diff"": None if max_diff is None else float(max_diff),"
tools/evaluate.py,146,"logits_all, y_all, ids_all, paths_all = [], [], [], []"
tools/evaluate.py,150,logits = model(x)
tools/evaluate.py,151,"if isinstance(logits, (tuple, list)):            # 兜底：蒸馏双头未关"
tools/evaluate.py,152,logits = (logits[0] + logits[1]) / 2
tools/evaluate.py,153,logits_all.append(logits.float().cpu())
tools/evaluate.py,159,logits = torch.cat(logits_all)
tools/evaluate.py,162,"probs = torch.softmax(logits, dim=1).numpy()"
tools/evaluate.py,163,pred = logits.argmax(1).numpy().astype(np.int64)
tools/evaluate.py,165,"maxk = min(5, logits.size(1))"
tools/evaluate.py,166,"topk_idx = np.argsort(-logits.numpy(), axis=1)[:, :maxk]"
tools/evaluate.py,192,"""loss"": float(torch.nn.functional.cross_entropy(logits, torch.from_numpy(y)).item()),"
tools/gradcam.py,100,"""""""返回 (cam float32 HxW in [0,1], 使用的类别下标, logits)。"
tools/gradcam.py,114,logits = model(x)
tools/gradcam.py,115,"if isinstance(logits, (tuple, list)):"
tools/gradcam.py,118,class_idx = int(logits.argmax(dim=1).item())
tools/gradcam.py,119,"score = logits[0, class_idx]                # 用 logits，不用 softmax 之后的值"
tools/gradcam.py,136,"return cam.astype(np.float32), int(class_idx), logits.detach()"
tools/gradcam.py,262,logits = model(tensor).detach()
tools/gradcam.py,263,"prob = torch.softmax(logits, -1)[0]"
tools/gradcam.py,399,"logits = self.sess.run(None, {self.input_name: x_nchw.astype(np.float32)})[0]"
tools/gradcam.py,400,logits = logits[0] if logits.ndim == 2 else logits
tools/gradcam.py,401,e = np.exp(logits - logits.max())
tools/interp_deep.py,52,logits = model(x)
tools/interp_deep.py,56,c = int(logits[0].argmax().item()) if target is None else int(target)
tools/interp_deep.py,57,"logits[0, c].backward()"
tools/interp_deep.py,116,"def fit_temperature(logits_val, labels_val):"
tools/interp_deep.py,123,"lg = torch.as_tensor(logits_val, dtype=torch.float32)"
tools/interp_deep.py,213,"all_logits, all_y = [], []"
tools/interp_deep.py,217,all_logits.append(lg.cpu() if torch.is_tensor(lg) else lg[0].cpu())
tools/interp_deep.py,219,L = torch.cat(all_logits).numpy(); Yv = torch.cat(all_y).numpy()
tools/predict_compare.py,65,logits = model(tf(img).unsqueeze(0).to(device))
tools/predict_compare.py,66,"p = torch.softmax(logits.float(), dim=-1)[0].cpu().numpy()"
tools/predict_external.py,66,"logits = sess.run(None, {iname: x})[0][0]"
tools/predict_external.py,67,probs = softmax(logits)
tools/probe_dataloader.py,12,注意：合成图只用于**测吞吐**，不得用于任何精度或一致性结论（规格书禁止 randn 用于一致性测试）。
tools/probe_pretrained_route.py,12,3. 若能拿到，则与官方实现做三方 logits 比对（官方 .pth / timm-HF 权重）
tools/probe_pretrained_route.py,122,"return m.forward_head(m.forward_features(x), pre_logits=True)"
tools/probe_pretrained_route.py,138,# 主头 logits
tools/probe_pretrained_route.py,142,# 蒸馏平均 logits（官方 README 的 Top-1 用的就是这个口径）
tools/probe_pretrained_route.py,149,"rep[""equivalence""][""main_head_logits""] = {"
tools/probe_pretrained_route.py,152,"rep[""equivalence""][""distill_avg_logits""] = {"
tools/probe_pretrained_route.py,159,"print(f""    (b) 主头 logits max|Δ|={float(dl.max()):.3e}  mean|Δ|={float(dl.mean()):.3e}  """
tools/reparam_deep.py,1,# tools/reparam_deep.py —— 结构对比 / ONNX 图统计 / 文件大小 / 延迟 / logits 误差 / 残留 BN 清单
tools/reparam_deep.py,108,# 结构文本留痕（文件名与全仓重参数化产物规范一致：before=训练态、after=推理态）
tools/reparam_verify.py,2,"""""""tools/reparam_verify.py —— RepViT 结构重参数化验证工具"
tools/reparam_verify.py,6,<model>_onnx_nodes.json / logits_diff.json / onnx_before.onnx / onnx_after.onnx
tools/reparam_verify.py,28,MAX_ABS_ERR_THRESHOLD = 1e-4     # logits 最大绝对误差
tools/reparam_verify.py,35,"p = argparse.ArgumentParser(description=""RepViT 结构重参数化验证"")"
tools/reparam_verify.py,246,"""logits_abs_max"": float(y_before.abs().max().item()),"
tools/reparam_verify.py,271,"kwargs = dict(input_names=[""input""], output_names=[""logits""], opset_version=opset,"
tools/reparam_verify.py,273,"dynamic_axes={""input"": {0: ""batch""}, ""logits"": {0: ""batch""}})"
tools/reparam_verify.py,373,# --- 融合前 logits ---
tools/reparam_verify.py,389,"(out_dir / ""logits_diff.json"").write_text("
tools/reparam_verify.py,446,"print(f""[logits] max_abs_err={diff['max_abs_err']:.3e} mean_abs_err={diff['mean_abs_err']:.3e} """
tools/report_spec.py,58,"(""12"", ""结构重参数化"", [""outputs/reparam/repvit_m0_9_reparam_report.json"","
tools/report_spec.py,82,"(""11"", ""结构重参数化"", [""figures/reparam_graph_nodes.png""]),"
tools/report_spec.py,124,"""figures/reparam_graph_nodes.png"": (""重参数化前后 ONNX 算子数对比（BN/Conv/Add）"","
tools/robustness_test.py,112,logits = model(X[s:s + batch].to(device))
tools/robustness_test.py,113,"pr = torch.softmax(logits, 1).cpu()"
tools/run_all.sh,77,"echo ""== 7/9 结构重参数化验证（必须先于 ONNX 导出）=="""
tools/run_all.sh,83,"echo ""== 8/9 ONNX 导出 + 一致性 =="""
tools/selfcheck.py,189,"@check(""macs"", ""MACs 口径一致性"", ""fvcore 一次乘加算 1 flop，不等于 2xMACs"")"
tools/selfcheck.py,456,# ---------------------------------------------------------------- H 重参数化
tools/selfcheck.py,469,"f""max|Δlogits|={judge.get('max_abs_err')} Top-1一致={judge.get('top1_agree')} "" \"
tools/selfcheck.py,490,# ---------------------------------------------------------------- I ONNX 一致性 / 性能
tools/selfcheck.py,491,"@check(""onnx.consistency"", ""PyTorch vs ONNX 一致率 >= 0.99"", ""按题目 9 项清单逐项排查"")"
tools/selfcheck.py,505,"@check(""onnx.realimg"", ""一致性用真实图片计算"", ""随机张量的对比说服力不足"")"
tools/selfcheck.py,623,"(""结构重参数化"", [""结构重参数化"", ""重参数化"", ""reparam""]),"
tools/smoke_phase0.py,130,"kwargs = dict(input_names=[""input""], output_names=[""logits""], opset_version=opset)"
tools/smoke_phase0.py,144,"""""""只测吞吐：合成张量 + AdamW + 前反向。不做任何精度结论（规格书禁止 randn 用于一致性测试）。"""""""
tools/train.py,438,"def topk_correct(logits: torch.Tensor, target: torch.Tensor, topk=(1, 5)) -> list[int]:"
tools/train.py,440,"_, pred = logits.topk(maxk, dim=1, largest=True, sorted=True)"
tools/train.py,453,"logits_all, y_all, names = [], [], []"
tools/train.py,457,logits = model(x)
tools/train.py,458,"if isinstance(logits, (tuple, list)):     # 兜底：万一蒸馏头没关掉"
tools/train.py,459,logits = (logits[0] + logits[1]) / 2
tools/train.py,460,"loss_sum += float(crit(logits, y).item())"
tools/train.py,462,logits_all.append(logits.float().cpu())
tools/train.py,466,logits = torch.cat(logits_all)
tools/train.py,468,pred = logits.argmax(1).numpy()
tools/train.py,469,"c1, c5 = topk_correct(logits, torch.from_numpy(y), (1, 5))"
tools/train.py,486,"res[""_logits""] = logits.numpy()"
tools/train.py,547,logits = model(x)
tools/train.py,548,"loss = lam * criterion(logits, y_a) + (1.0 - lam) * criterion(logits, y_b)"
tools/train.py,576,correct += int((logits.detach().argmax(1) == y).sum().item())
tools/train.py,619,# --- 一致性断言（启动即失败优于训练 3 小时后发现） ---
tools/train.py,783,"probs = torch.softmax(torch.from_numpy(te[""_logits""]), dim=-1).numpy()"
tools/train.py,784,"top5 = np.argsort(-te[""_logits""], axis=1)[:, :5]"
tools/update_defense.py,136,"""重参数化在数值上完全等价"": ""重参数化误差小于阈值"","
tools/update_defense.py,137,"""结构重参数化在数值上完全等价"": ""结构重参数化误差小于阈值"","
tools/update_defense.py,140,"""重参数化数值等价、BN 归零；ONNX 一致率 100%"": ""重参数化 32 个随机输入通过；ONNX 固定 n=12 样本一致"","
tools/update_defense.py,216,"clear_slide(s,""重参数化：合并分支后，误差仍在设定阈值内"","
tools/update_defense.py,220,"""max_abs_err=7.092952728271484e-06；mean_abs_err=2.030726818702533e-06。32 个输入是 torch.randn，不是真实测试图片。\n"""
tools/update_defense.py,222,"""历史官方 C=1000 报告存在权重键不匹配，不纳入结论；见 report/LOGITS_AUDIT.md。"")"
tools/update_defense.py,227,"table(s,[[""数值验证（随机输入）"",""结果""],[""最大 |Δlogits|"",f""{rep['diff']['max_abs_err']:.3e}""],"
tools/update_defense.py,228,"[""平均 |Δlogits|"",f""{rep['diff']['mean_abs_err']:.3e}""],[""Top-1 一致"",""32 / 32""],"
tools/update_defense.py,235,"clear_slide(s,""PyTorch ↔ ONNX：固定 n=12，比较同一输入张量"","
tools/update_defense.py,240,"""max=6.198883056640625e-06；mean=1.5006899711048998e-06；Top-1/Top-5 集合均 1.0。\n"""
tools/update_defense.py,241,"""5.25e-06 是未找到对应完整产物的旧引用；旧命令写 limit=8 不能证明该值来自 n=8。当前权重跑 n=8 也不能复现旧值。\n"""
tools/update_defense.py,243,"cells=[[""模型 / 输入列表"",""n"",""最大 |Δlogits|"",""平均 |Δlogits|"",""Top-1 / Top-5""]]"
tools/update_defense.py,247,"cells.append([label,d[""n""],f""{d['max_abs_logits']:.3e}"",f""{d['mean_abs_logits']:.3e}"",""100% / 100%""])"
tools/update_defense.py,249,"text(s,""1  部署预处理由 PIL 实现；本次对比把同一张量送入两个推理后端。\n2  结论仅覆盖这 12 张图片，不能写成完整测试集或全部六模型一致。\n3  旧的 5.25e-06 缺少对应完整记录，当前统一引用上表落盘值。"",.7,4.45,12,1.5,20)"
tools/update_defense.py,250,"text(s,""复跑：python deploy/compare_torch_onnx.py --model repvit_m0_9_pet37 --limit 12\n完整命令、固定列表与输出路径已写入本页备注和 report/LOGITS_AUDIT.md。"",.7,6.12,12,.73,15,GREEN)"
tools/weight_load_report.py,21,outputs/metrics/route_equivalence.json    <- 两条路线的数值等价性（max|Δlogits|）
tools/weight_load_report.py,151,"""""""两条路线在同一批固定输入上的 logits 逐元素比较。"
tools/weight_load_report.py,232,"print(f""  max|Δlogits| = {eq['max_abs_diff']:.6e}   mean|Δ| = {eq['mean_abs_diff']:.6e}"")"
utils/metrics.py,48,"def topk_accuracy(logits, target, topk=(1, 5)) -> list[float]:"
utils/metrics.py,53,logits = torch.as_tensor(_as_np(logits)).float()
utils/metrics.py,55,"assert logits.dim() == 2, f""logits 应为 (N, C)，实际 {tuple(logits.shape)}"""
utils/metrics.py,56,"assert logits.size(0) == target.numel(), \"
utils/metrics.py,57,"f""logits 与 target 数量不一致: {logits.size(0)} vs {target.numel()}"""
utils/metrics.py,59,"maxk = min(max(topk), logits.size(1))"
utils/metrics.py,62,"_, pred = logits.topk(maxk, dim=1, largest=True, sorted=True)  # (N, maxk)"
utils/metrics.py,167,"def compute_metrics(y_true, y_pred, logits=None, num_classes: int = 37) -> dict:"
utils/metrics.py,177,logits 给了才会算 top5 与 ECE（需要概率分布）；只给 y_true/y_pred 时 top5/ece 为 None，
utils/metrics.py,186,if logits is not None:
utils/metrics.py,187,"p1, p5 = topk_accuracy(logits, y_true, topk=(1, 5))   # 百分数"
utils/metrics.py,188,top1_from_logits = p1 / 100.0
utils/metrics.py,190,# 另一路 logits（例如各模型 logits 平均前各自 argmax），此时不一致是预期的。
utils/metrics.py,191,# 但 logits 是真源，top1 一律以它为准——否则 top1 与 top5 会来自两个类别空间。
utils/metrics.py,192,if y_true.size and abs(top1_from_logits - top1) > 1e-6:
utils/metrics.py,193,"print(f""[metrics] 提示: y_pred 的 top1={top1:.6f} 与 logits argmax 的 """
utils/metrics.py,194,"f""top1={top1_from_logits:.6f} 不一致，已以 logits 为准。"")"
utils/metrics.py,195,"top1, top5 = top1_from_logits, p5 / 100.0"
utils/metrics.py,196,"probs = torch.softmax(torch.as_tensor(_as_np(logits)).float(), dim=1).numpy()"
utils/metrics.py,227,"logits = torch.randn(n, num_classes)"
utils/metrics.py,229,y_pred = logits.argmax(dim=1)
utils/metrics.py,231,"p1, p5 = topk_accuracy(logits, y_true, topk=(1, 5))"
utils/metrics.py,248,"m = compute_metrics(y_true, y_pred, logits=logits, num_classes=num_classes)"
